"Stream","Date","Type","SPP","Sample","Sample.ID","DryMass","OrgMatter","OrgCon"
"hver","Feb","cut>1","Misc","rep 1","Hver_FEB12_cut>1_rep 1",0,0,0
"hver","Feb","elut<1","Misc","rep 1","Hver_FEB12_elut<1_rep 1",11.4,1.51999962,0.1333333
"hver","Feb","scrub<1","Misc","rep 1","Hver_FEB12_scrub<1_rep 1",44.6,NA,NA
"hver","Feb","cut>1","Misc","rep 2","Hver_FEB12_cut>1_rep 2",0,0,0
"hver","Feb","elut<1","Misc","rep 2","Hver_FEB12_elut<1_rep 2",42.6,3.7289058,0.087533
"hver","Feb","scrub<1","Misc","rep 2","Hver_FEB12_scrub<1_rep 2",37.6,NA,NA
"hver","Feb","cut>1","Misc","rep 3","Hver_FEB12_cut>1_rep 3",0,0,0
"hver","Feb","elut<1","Misc","rep 3","Hver_FEB12_elut<1_rep 3",11.4,1.505655,0.132075
"hver","Feb","scrub<1","Misc","rep 3","Hver_FEB12_scrub<1_rep 3",26.7,NA,NA
"hver","Feb","cut>1","Misc","rep 4","Hver_FEB12_cut>1_rep 4",0,0,0
"hver","Feb","elut<1","Misc","rep 4","Hver_FEB12_elut<1_rep 4",33.8,3.197311,0.094595
"hver","Feb","scrub<1","Misc","rep 4","Hver_FEB12_scrub<1_rep 4",37.4,NA,NA
"hver","Feb","cut>1","Misc","rep 5","Hver_FEB12_cut>1_rep 5",0,0,0
"hver","Feb","elut<1","Misc","rep 5","Hver_FEB12_elut<1_rep 5",40.2,3.8903148,0.096774
"hver","Feb","scrub<1","Misc","rep 5","Hver_FEB12_scrub<1_rep 5",61.4,NA,NA
"hver","Jul","elut<1","Misc","rep 1","Hver_JUL12_elut<1_rep 1",74,NA,0.129693
"hver","Jul","elut>1","Misc","rep 1","Hver_JUL12_elut>1_rep 1",531.5,151.5,0.285042333
"hver","Jul","scrub<1","Misc","rep 1","Hver_JUL12_scrub<1_rep 1",477.6,72.25436242,0.151286353
"hver","Jul","scrub>1","Misc","rep 1","Hver_JUL12_scrub>1_rep 1",655.1,117.3844344,0.17918552
"hver","Jul","elut<1","Misc","rep 2","Hver_JUL12_elut<1_rep 2",91.3,NA,NA
"hver","Jul","elut>1","Misc","rep 2","Hver_JUL12_elut>1_rep 2",375.5,44.932917,0.119661563
"hver","Jul","scrub<1","Misc","rep 2","Hver_JUL12_scrub<1_rep 2",1246,174.6704498,0.140184952
"hver","Jul","scrub>1","Misc","rep 2","Hver_JUL12_scrub>1_rep 2",4964.4,775.1037538,0.156132414
"hver","Jul","elut<1","Misc","rep 3","Hver_JUL12_elut<1_rep 3",582.4,NA,NA
"hver","Jul","elut>1","Misc","rep 3","Hver_JUL12_elut>1_rep 3",3952,441.5471834,0.111727526
"hver","Jul","scrub<1","Misc","rep 3","Hver_JUL12_scrub<1_rep 3",744.6,650.9612345,0.874242861
"hver","Jul","scrub>1","Misc","rep 3","Hver_JUL12_scrub>1_rep 3",301.5,64.39517717,0.213582677
"hver","Jul","elut<1","Misc","rep 4","Hver_JUL12_elut<1_rep 4",181.8,NA,0.142276
"hver","Jul","elut>1","Misc","rep 4","Hver_JUL12_elut>1_rep 4",1196.6,305.034691,0.254917843
"hver","Jul","scrub<1","Misc","rep 4","Hver_JUL12_scrub<1_rep 4",1699.2,53.35851996,0.031402142
"hver","Jul","scrub>1","Misc","rep 4","Hver_JUL12_scrub>1_rep 4",1513.2,147.8938868,0.097735849
"hver","Jul","elut<1","Misc","rep 5","Hver_JUL12_elut<1_rep 5",650.4,NA,0.088748
"hver","Jul","elut>1","Misc","rep 5","Hver_JUL12_elut>1_rep 5",516,85.7,0.166085271
"hver","Jul","scrub<1","Misc","rep 5","Hver_JUL12_scrub<1_rep 5",233.2,44.3,0.189965695
"hver","Jul","scrub>1","Misc","rep 5","Hver_JUL12_scrub>1_rep 5",301.5,141.7,0.469983416
"st1","Feb","cut>1","Fila","rep 1","ST1_FEB12_cut>1_rep 1",8.5,NA,NA
"st1","Feb","cut>1","Fila","rep 1","ST1_FEB12_cut>1_rep 1",154.5,NA,NA
"st1","Feb","cut>1","Font","rep 1","ST1_FEB12_cut>1_rep 1",4958,4091.973799,0.825327511
"st1","Feb","cut>1","Font","rep 1","ST1_FEB12_cut>1_rep 1",1554.5,1236.5574,0.79546954
"st1","Feb","cut>1","Grass","rep 1","ST1_FEB12_cut>1_rep 1",99.7,NA,NA
"st1","Feb","cut>1","Horsetail","rep 1","ST1_FEB12_cut>1_rep 1",267.7,NA,NA
"st1","Feb","cut>1","Misc","rep 1","ST1_FEB12_cut>1_rep 1",1504.7,NA,NA
"st1","Feb","cut>1","MyrAlt","rep 1","ST1_FEB12_cut>1_rep 1",30.2,NA,NA
"st1","Feb","scrub>1","Misc","rep 1","ST1_FEB12_scrub>1_rep 1",0,0,0
"st1","Feb","scrub<1","Misc","rep 1","ST1_FEB12_scrub<1_rep 1",0,0,0
"st1","Feb","elut<1","Misc","rep 1","ST1_FEB12_elut<1_rep 1",319.9,NA,NA
"st1","Feb","elut>1","Misc","rep 1","ST1_FEB12_elut>1_rep 1",701,110.1,0.157061341
"st1","Feb","cut>1","Font","rep 2","ST1_FEB12_cut>1_rep 2",2875,1571.2,0.546504348
"st1","Feb","cut>1","Horsetail","rep 2","ST1_FEB12_cut>1_rep 2",59.4,NA,NA
"st1","Feb","cut>1","Misc","rep 2","ST1_FEB12_cut>1_rep 2",246.9,NA,NA
"st1","Feb","elut<1","Misc","rep 2","ST1_FEB12_elut<1_rep 2",455.8,337.4,0.740236946
"st1","Feb","elut>1","Misc","rep 2","ST1_FEB12_elut>1_rep 2",374,130.9,0.35
"st1","Feb","scrub<1","Misc","rep 2","ST1_FEB12_scrub<1_rep 2",100.3,72.6,0.723828514
"st1","Feb","scrub>1","Misc","rep 2","ST1_FEB12_scrub>1_rep 2",29.5,23.7,0.803389831
"st1","Feb","cut>1","Font","rep 3","ST1_FEB12_cut>1_rep 3",14402.2,11698.72043,0.812287042
"st1","Feb","cut>1","Grass","rep 3","ST1_FEB12_cut>1_rep 3",2599.4,2399.904792,0.923253363
"st1","Feb","cut>1","Horsetail","rep 3","ST1_FEB12_cut>1_rep 3",171.7,NA,NA
"st1","Feb","cut>1","Misc","rep 3","ST1_FEB12_cut>1_rep 3",1557.8,NA,NA
"st1","Feb","elut<1","Misc","rep 3","ST1_FEB12_elut<1_rep 3",391.1,54.2,0.138583482
"st1","Feb","elut>1","Misc","rep 3","ST1_FEB12_elut>1_rep 3",1712.6,265.4,0.154969053
"st1","Feb","scrub<1","Misc","rep 3","ST1_FEB12_scrub<1_rep 2",0,0,0
"st1","Feb","scrub>1","Misc","rep 3","ST1_FEB12_scrub>1_rep 2",0,0,0
"st1","Feb","cut>1","Font","rep 4","ST1_FEB12_cut>1_rep 4",7043.3,5960.279364,0.846233919
"st1","Feb","cut>1","Grass","rep 4","ST1_FEB12_cut>1_rep 4",78.1,NA,NA
"st1","Feb","cut>1","Horsetail","rep 4","ST1_FEB12_cut>1_rep 4",43.6,NA,NA
"st1","Feb","cut>1","Misc","rep 4","ST1_FEB12_cut>1_rep 4",1242.9,NA,NA
"st1","Feb","elut<1","Misc","rep 4","ST1_FEB12_elut<1_rep 4",39.3,8.7,0.221374046
"st1","Feb","elut>1","Misc","rep 4","ST1_FEB12_elut>1_rep 4",62.4,24.8,0.397435897
"st1","Feb","scrub>1","Misc","rep 4","ST1_FEB12_scrub>1_rep 4",98.3,NA,NA
"st1","Feb","scrub<1","Misc","rep 4","ST1_FEB12_scrub<1_rep 4",0,0,0
"st1","Feb","cut>1","Font","rep 5","ST1_FEB12_cut>1_rep 5",3875.5,1836.8,0.473951748
"st1","Feb","cut>1","Grass","rep 5","ST1_FEB12_cut>1_rep 5",1071.2,NA,NA
"st1","Feb","cut>1","Horsetail","rep 5","ST1_FEB12_cut>1_rep 5",195.7,NA,NA
"st1","Feb","cut>1","Misc","rep 5","ST1_FEB12_cut>1_rep 5",1266.8,NA,NA
"st1","Feb","cut>1","MyrAlt","rep 5","ST1_FEB12_cut>1_rep 5",65.9,NA,NA
"st1","Feb","elut<1","Misc","rep 5","ST1_FEB12_elut<1_rep 5",45.4,5.7,0.125550661
"st1","Feb","elut>1","Misc","rep 5","ST1_FEB12_elut>1_rep 5",124.8,94.2,0.754807692
"st1","Feb","scrub<1","Misc","rep 5","ST1_FEB12_scrub<1_rep 5",170.2,18.8,0.110458284
"st1","Jul","cut>1","Font","rep 1","ST1_JUL12_cut>1_rep 1",2684.5,2187.6,0.814900354
"st1","Jul","cut>1","Misc","rep 1","ST1_JUL12_cut>1_rep 1",55.6,44.73563218,0.804597701
"st1","Jul","cut>1","Misc","rep 1","ST1_JUL12_cut>1_rep 1",13354.6,11980.3,0.897091639
"st1","Jul","cut>1","Nos","rep 1","ST1_JUL12_cut>1_rep 1",2.7,1.8,0.666666667
"st1","Jul","elut<1","Misc","rep 1","ST1_JUL12_elut<1_rep 1",60.9,12.1,0.198686371
"st1","Jul","elut>1","Misc","rep 1","ST1_JUL12_elut>1_rep 1",143.8,100.2,0.696801113
"st1","Jul","scrub<1","Misc","rep 1","ST1_JUL12_scrub<1_rep 1",64.7,12.78024691,0.197530864
"st1","Jul","scrub>1","Misc","rep 1","ST1_JUL12_scrub>1_rep 1",53.5,48.1,0.899065421
"st1","Jul","cut>1","Font","rep 2","ST1_JUL12_cut>1_rep 2",51725.22335,47531.75177,0.918927917
"st1","Jul","cut>1","Misc","rep 2","ST1_JUL12_cut>1_rep 2",2215.051999,1374.680983,0.620608899
"st1","Jul","cut>1","Nos","rep 2","ST1_JUL12_cut>1_rep 2",72.62465569,NA,NA
"st1","Jul","elut<1","Misc","rep 2","ST1_JUL12_elut<1_rep 2",109.6,19.6,0.178832
"st1","Jul","elut>1","Misc","rep 2","ST1_JUL12_elut>1_rep 2",320.1,288.422107,0.90103751
"st1","Jul","scrub<1","Misc","rep 2","ST1_JUL12_scrub<1_rep 2",64.7,32.50000003,0.502318393
"st1","Jul","scrub>1","Misc","rep 2","ST1_JUL12_scrub>1_rep 2",100.3,72.6,0.723828514
"st1","Jul","cut>1","Font","rep 3","ST1_JUL12_cut>1_rep 3",6790.290484,4094.684337,0.603020496
"st1","Jul","cut>1","Grass","rep 3","ST1_JUL12_cut>1_rep 3",3610.10806,NA,NA
"st1","Jul","cut>1","Horsetail","rep 3","ST1_JUL12_cut>1_rep 3",166.9285478,NA,NA
"st1","Jul","cut>1","Misc","rep 3","ST1_JUL12_cut>1_rep 3",5713.407763,4725.19076,0.82703545
"st1","Jul","cut>1","MyrAlt","rep 3","ST1_JUL12_cut>1_rep 3",2426.028228,NA,NA
"st1","Jul","cut>1","PotPer","rep 3","ST1_JUL12_cut>1_rep 3",1595.836917,NA,NA
"st1","Jul","elut<1","Misc","rep 3","ST1_JUL12_elut<1_rep 3",698.9,NA,NA
"st1","Jul","elut>1","Misc","rep 3","ST1_JUL12_elut>1_rep 3",1712.6,265.4,0.154969053
"st1","Jul","scrub<1","Misc","rep 3","ST1_JUL12_scrub<1_rep 3",599.5,96.2,0.160467056
"st1","Jul","cut>1","Font","rep 4","ST1_JUL12_cut>1_rep 4",13409.79223,12370.65704,0.922509225
"st1","Jul","cut>1","Grass","rep 4","ST1_JUL12_cut>1_rep 4",58.98581141,NA,NA
"st1","Jul","cut>1","Horsetail","rep 4","ST1_JUL12_cut>1_rep 4",255.9562888,NA,NA
"st1","Jul","cut>1","Misc","rep 4","ST1_JUL12_cut>1_rep 4",528.7656666,419.2205882,0.792828685
"st1","Jul","elut<1","Misc","rep 4","ST1_JUL12_elut<1_rep 4",40.3,8.7,0.215880893
"st1","Jul","elut>1","Misc","rep 4","ST1_JUL12_elut>1_rep 4",273.2,187.6,0.686676428
"st1","Jul","scrub<1","Misc","rep 4","ST1_JUL12_scrub<1_rep 4",14.3,2.9,0.202797203
"st1","Jul","scrub>1","Misc","rep 4","ST1_JUL12_scrub>1_rep 4",179.1,138.3,0.772194305
"st1","Jul","cut>1","CalSta","rep 5","ST1_JUL12_cut>1_rep 5",13.73891887,NA,NA
"st1","Jul","cut>1","Fila","rep 5","ST1_JUL12_cut>1_rep 5",2171.251825,1670.786573,0.76950382
"st1","Jul","cut>1","Font","rep 5","ST1_JUL12_cut>1_rep 5",2042.632818,1445.009084,0.707424786
"st1","Jul","cut>1","Horsetail","rep 5","ST1_JUL12_cut>1_rep 5",208.2616208,173.6011502,0.833572453
"st1","Jul","cut>1","Misc","rep 5","ST1_JUL12_cut>1_rep 5",2978.261502,2220.89182,0.745700745
"st1","Jul","cut>1","Nos","rep 5","ST1_JUL12_cut>1_rep 5",29.15331565,NA,NA
"st1","Jul","elut<1","Misc","rep 5","ST1_JUL12_elut<1_rep 5",87.1,68.5,0.786452354
"st1","Jul","elut>1","Misc","rep 5","ST1_JUL12_elut>1_rep 5",498.5,228.56225,0.4585
"st1","Jul","scrub<1","Misc","rep 5","ST1_JUL12_scrub<1_rep 5",16.3,3.6,0.220858896
"st1","Jul","scrub>1","Misc","rep 5","ST1_JUL12_scrub>1_rep 5",184.4,81.3860464,0.441356
"st11L","Feb","cut>1","Misc","rep 1","ST11D_FEB12_cut>1_rep 1",0,0,0
"st11L","Feb","elut<1","Misc","rep 1","ST11D_FEB12_elut<1_rep 1",91.5,NA,0.085542
"st11L","Feb","scrub<1","Misc","rep 1","ST11D_FEB12_scrub<1_rep 1",62.2,7.1,0.11414791
"st11L","Feb","cut>1","Misc","rep 2","ST11D_FEB12_cut>1_rep 2",0,0,0
"st11L","Feb","elut<1","Misc","rep 2","ST11D_FEB12_elut<1_rep 2",209.1,NA,NA
"st11L","Feb","scrub<1","Misc","rep 2","ST11D_FEB12_scrub<1_rep 2",23.1,1.2,0.051948052
"st11L","Feb","cut>1","Misc","rep 3","ST11D_FEB12_cut>1_rep 3",0,0,0
"st11L","Feb","elut<1","Misc","rep 3","ST11D_FEB12_elut<1_rep 3",264.4,NA,NA
"st11L","Feb","scrub<1","Misc","rep 3","ST11D_FEB12_scrub<1_rep 3",773.6,NA,NA
"st11L","Feb","cut>1","Misc","rep 4","ST11D_FEB12_cut>1_rep 4",0,0,0
"st11L","Feb","elut<1","Misc","rep 4","ST11D_FEB12_elut<1_rep 4",1057.2,NA,0.10802
"st11L","Feb","elut>1","Misc","rep 4","ST11D_FEB12_elut>1_rep 4",37.3,NA,NA
"st11L","Feb","scrub<1","Misc","rep 4","ST11D_FEB12_scrub<1_rep 4",20.6,2.8,0.13592233
"st11L","Feb","scrub>1","Misc","rep 4","ST11D_FEB12_scrub>1_rep 4",8.1,NA,NA
"st11L","Feb","cut>1","Misc","rep 5","ST11D_FEB12_cut>1_rep 5",0,0,0
"st11L","Feb","elut<1","Misc","rep 5","ST11D_FEB12_elut<1_rep 5",87.4,8.4,0.09610984
"st11L","Feb","scrub<1","Misc","rep 5","ST11D_FEB12_scrub<1_rep 5",62.1,7.8,0.125603865
"st11L","Feb","scrub>1","Misc","rep 5","ST11D_FEB12_scrub>1_rep 5",25.1,15.1,0.601593625
"st11L","Jul","cut>1","Misc","rep 1","ST11D_JUL12_cut>1_rep 1",0,0,0
"st11L","Jul","elut<1","Misc","rep 1","ST11D_JUL12_elut<1_rep 1",100.1,NA,NA
"st11L","Jul","elut>1","Misc","rep 1","ST11D_JUL12_elut>1_rep 1",210.9,25.1,0.119013751
"st11L","Jul","scrub<1","Misc","rep 1","ST11D_JUL12_scrub<1_rep 1",139.1,76.4,0.549245147
"st11L","Jul","scrub>1","Misc","rep 1","ST11D_JUL12_scrub>1_rep 1",33.5,14.295254,0.426724
"st11L","Jul","cut>1","Misc","rep 2","ST11D_JUL12_cut>1_rep 2",0,0,0
"st11L","Jul","elut<1","Misc","rep 2","ST11D_JUL12_elut<1_rep 2",111.5,13.38900101,0.120080727
"st11L","Jul","elut>1","Misc","rep 2","ST11D_JUL12_elut>1_rep 2",104.3,12.4,0.118887824
"st11L","Jul","scrub<1","Misc","rep 2","ST11D_JUL12_scrub<1_rep 2",17.1,2.7,0.157894737
"st11L","Jul","scrub>1","Misc","rep 2","ST11D_JUL12_scrub>1_rep 2",82.3,53.3502343,0.648241
"st11L","Jul","cut>1","Misc","rep 3","ST11D_JUL12_cut>1_rep 3",0,0,0
"st11L","Jul","elut>1","Misc","rep 3","ST11D_JUL12_elut>1_rep 3",0,0,0
"st11L","Jul","elut<1","Misc","rep 3","ST11D_JUL12_elut<1_rep 3",44.5,NA,NA
"st11L","Jul","scrub<1","Misc","rep 3","ST11D_JUL12_scrub<1_rep 3",38.4,5.6,0.145833333
"st11L","Jul","scrub>1","Misc","rep 3","ST11D_JUL12_scrub>1_rep 3",205.8,66.441501,0.322845
"st11L","Jul","cut>1","Misc","rep 4","ST11D_JUL12_cut>1_rep 4",0,0,0
"st11L","Jul","elut<1","Misc","rep 4","ST11D_JUL12_elut<1_rep 4",64.4,NA,NA
"st11L","Jul","elut>1","Misc","rep 4","ST11D_JUL12_elut>1_rep 4",21.5,14.7342725,0.685315
"st11L","Jul","scrub<1","Misc","rep 4","ST11D_JUL12_scrub<1_rep 4",28.1,19.7,0.701067616
"st11L","Jul","scrub>1","Misc","rep 4","ST11D_JUL12_scrub>1_rep 4",49.9,28.5143071,0.571429
"st11L","Jul","cut>1","Misc","rep 5","ST11D_JUL12_cut>1_rep 5",0,0,0
"st11L","Jul","elut>1","Misc","rep 5","ST11D_JUL12_elut>1_rep 5",0,0,0
"st11L","Jul","elut<1","Misc","rep 5","ST11D_JUL12_elut<1_rep 5",137.4,15.9,0.115720524
"st11L","Jul","scrub<1","Misc","rep 5","ST11D_JUL12_scrub<1_rep 5",26.4,5.7,0.215909091
"st11L","Jul","scrub>1","Misc","rep 5","ST11D_JUL12_scrub>1_rep 5",82.4,12.5,0.151699029
"st11U","Jul","cut>1","Misc","rep 1","ST11U_JUL12_cut>1_rep 1",0,0,0
"st11U","Jul","elut<1","Misc","rep 1","ST11U_JUL12_elut<1_rep 1",94.1,NA,NA
"st11U","Jul","elut>1","Misc","rep 1","ST11U_JUL12_elut>1_rep 1",88.7,52.1,0.587373168
"st11U","Jul","scrub<1","Misc","rep 1","ST11U_JUL12_scrub<1_rep 1",157.1,79.3,0.504774029
"st11U","Jul","scrub>1","Misc","rep 1","ST11U_JUL12_scrub>1_rep 1",1564.5,799.900489,0.511281872
"st11U","Jul","cut>1","Misc","rep 2","ST11U_JUL12_cut>1_rep 2",0,0,0
"st11U","Jul","elut<1","Misc","rep 2","ST11U_JUL12_elut<1_rep 2",695.3,NA,0.136989498
"st11U","Jul","elut>1","Misc","rep 2","ST11U_JUL12_elut>1_rep 2",161.5,89.2,0.552321981
"st11U","Jul","scrub<1","Misc","rep 2","ST11U_JUL12_scrub<1_rep 2",126,37.3,0.296031746
"st11U","Jul","scrub>1","Misc","rep 2","ST11U_JUL12_scrub>1_rep 2",220.2,145.3,0.659854678
"st11U","Jul","cut>1","Misc","rep 3","ST11U_JUL12_cut>1_rep 3",0,0,0
"st11U","Jul","elut<1","Misc","rep 3","ST11U_JUL12_elut<1_rep 3",89.9,NA,0.122844828
"st11U","Jul","elut>1","Misc","rep 3","ST11U_JUL12_elut>1_rep 3",37,27.3,0.737837838
"st11U","Jul","scrub<1","Misc","rep 3","ST11U_JUL12_scrub<1_rep 3",111.6,30.13333333,0.270011947
"st11U","Jul","scrub>1","Misc","rep 3","ST11U_JUL12_scrub>1_rep 3",774.8,447.8,0.577955601
"st11U","Jul","cut>1","Misc","rep 4","ST11U_JUL12_cut>1_rep 4",0,0,0
"st11U","Jul","elut<1","Misc","rep 4","ST11U_JUL12_elut<1_rep 4",80.3,NA,0.113207547
"st11U","Jul","elut>1","Misc","rep 4","ST11U_JUL12_elut>1_rep 4",74.2,16.2,0.218328841
"st11U","Jul","scrub<1","Misc","rep 4","ST11U_JUL12_scrub<1_rep 4",99,63.4,0.64040404
"st11U","Jul","scrub>1","Misc","rep 4","ST11U_JUL12_scrub>1_rep 4",585.4,380.5,0.649982918
"st11U","Jul","cut>1","Misc","rep 5","ST11U_JUL12_cut>1_rep 5",0,0,0
"st11U","Jul","elut<1","Misc","rep 5","ST11U_JUL12_elut<1_rep 5",133,NA,0.124806202
"st11U","Jul","elut>1","Misc","rep 5","ST11U_JUL12_elut>1_rep 5",411.8,51.3,0.124575036
"st11U","Jul","scrub<1","Misc","rep 5","ST11U_JUL12_scrub<1_rep 5",415.7,217.5,0.523213856
"st11U","Jul","scrub>1","Misc","rep 5","ST11U_JUL12_scrub>1_rep 5",1129.7,704.7,0.623793928
"st13","Feb","cut>1","CalSta","rep 1","ST13_FEB12_cut>1_rep 1",27.4,NA,NA
"st13","Feb","cut>1","Font","rep 1","ST13_FEB12_cut>1_rep 1",2032.4,1745.760791,0.85896516
"st13","Feb","cut>1","Jung","rep 1","ST13_FEB12_cut>1_rep 1",132.1,NA,NA
"st13","Feb","cut>1","Misc","rep 1","ST13_FEB12_cut>1_rep 1",161.7,129.3,0.799628942
"st13","Feb","elut<1","Misc","rep 1","ST13_FEB12_elut<1_rep 1",442.8,46.02230893,NA
"st13","Feb","elut>1","Misc","rep 1","ST13_FEB12_elut>1_rep 1",182.4,94.24553734,NA
"st13","Feb","scrub<1","Misc","rep 1","ST13_FEB12_scrub<1_rep 1",239.1,45.81487105,NA
"st13","Feb","scrub>1","Misc","rep 1","ST13_FEB12_scrub>1_rep 1",85.3,68.64378698,0.804733728
"st13","Feb","cut>1","CalHam","rep 2","ST13_FEB12_cut>1_rep 2",893,455.2,0.509742441
"st13","Feb","cut>1","Font","rep 2","ST13_FEB12_cut>1_rep 2",505.6,455.3985816,0.90070922
"st13","Feb","cut>1","Jung","rep 2","ST13_FEB12_cut>1_rep 2",458.5,NA,NA
"st13","Feb","cut>1","Misc","rep 2","ST13_FEB12_cut>1_rep 2",244.7,132.4522936,0.541284404
"st13","Feb","cut>1","Misc","rep 2","ST13_FEB12_cut>1_rep 2",647,286.7,0.443122102
"st13","Feb","elut<1","Misc","rep 2","ST13_FEB12_elut<1_rep 2",891.4,118.4,0.13282477
"st13","Feb","elut>1","Misc","rep 2","ST13_FEB12_elut>1_rep 2",390.5,145.850692,0.373497291
"st13","Feb","scrub<1","Misc","rep 2","ST13_FEB12_scrub<1_rep 2",252.3,48.3,0.191438763
"st13","Feb","scrub>1","Misc","rep 2","ST13_FEB12_scrub>1_rep 2",203.7,143,0.702012764
"st13","Feb","cut>1","CalSta","rep 3","ST13_FEB12_cut>1_rep 3",5657.5,4656.5,0.823066726
"st13","Feb","cut>1","Font","rep 3","ST13_FEB12_cut>1_rep 3",73.1,NA,NA
"st13","Feb","cut>1","Jung","rep 3","ST13_FEB12_cut>1_rep 3",496.5,422.0151994,0.849980261
"st13","Feb","cut>1","Misc","rep 3","ST13_FEB12_cut>1_rep 3",1410.2,1228.622067,0.871239588
"st13","Feb","cut>1","Misc","rep 3","ST13_FEB12_cut>1_rep 3",1288.7,358,0.277799333
"st13","Feb","elut<1","Misc","rep 3","ST13_FEB12_elut<1_rep 3",1990.6,287,0.144177635
"st13","Feb","elut>1","Misc","rep 3","ST13_FEB12_elut>1_rep 3",480.5,358.1,0.745265349
"st13","Feb","scrub<1","Misc","rep 3","ST13_FEB12_scrub<1_rep 3",21.2,NA,NA
"st13","Feb","cut>1","CalSta","rep 4","ST13_FEB12_cut>1_rep 4",3767.144605,2961.276414,0.786079836
"st13","Feb","cut>1","Font","rep 4","ST13_FEB12_cut>1_rep 4",220.1701019,NA,0.879844961
"st13","Feb","cut>1","Grass","rep 4","ST13_FEB12_cut>1_rep 4",61.14053123,NA,NA
"st13","Feb","cut>1","Horsetail","rep 4","ST13_FEB12_cut>1_rep 4",429.7228698,403.7974405,0.939669421
"st13","Feb","cut>1","Jung","rep 4","ST13_FEB12_cut>1_rep 4",2963.177423,2759.926986,0.931407942
"st13","Feb","cut>1","Misc","rep 4","ST13_FEB12_cut>1_rep 4",7759.937107,5739.58183,0.739642828
"st13","Feb","cut>1","MyrAlt","rep 4","ST13_FEB12_cut>1_rep 4",49.90736276,NA,NA
"st13","Feb","elut<1","Misc","rep 4","ST13_FEB12_elut<1_rep 4",274.3,NA,0.14107976
"st13","Feb","cut>1","CalHam","rep 5","ST13_FEB12_cut>1_rep 5",3434.3,1771.2,0.515738287
"st13","Feb","cut>1","Font","rep 5","ST13_FEB12_cut>1_rep 5",1874.1,NA,NA
"st13","Feb","cut>1","Jung","rep 5","ST13_FEB12_cut>1_rep 5",442,411.6823105,0.931407942
"st13","Feb","cut>1","Misc","rep 5","ST13_FEB12_cut>1_rep 5",4009.4,2965.523955,0.739642828
"st13","Feb","elut<1","Misc","rep 5","ST13_FEB12_elut<1_rep 5",251.3,37.1,0.147632312
"st13","Feb","elut>1","Misc","rep 5","ST13_FEB12_elut>1_rep 5",177.2,98.69367089,0.556962025
"st13","Jul","elut<1","Misc","rep 1","ST13_JUL12_elut<1_rep 1",91.9,16.6,0.180631121
"st13","Jul","elut>1","Misc","rep 1","ST13_JUL12_elut>1_rep 1",595.3,NA,0.638416
"st13","Jul","scrub<1","Misc","rep 1","ST13_JUL12_scrub<1_rep 1",240.8,76.07692308,0.315934066
"st13","Jul","scrub>1","Misc","rep 1","ST13_JUL12_scrub>1_rep 1",240.8,124.5,0.517026578
"st13","Jul","cut>1","CalHam","rep 2","ST13_JUL12_cut>1_rep 2",5199.486669,4829.244584,0.92879257
"st13","Jul","cut>1","Font","rep 2","ST13_JUL12_cut>1_rep 2",581.7210087,NA,NA
"st13","Jul","cut>1","Jung","rep 2","ST13_JUL12_cut>1_rep 2",2212.508191,1751.883619,0.791808874
"st13","Jul","cut>1","Misc","rep 2","ST13_JUL12_cut>1_rep 2",9218.784131,4981.964688,0.540414508
"st13","Jul","elut<1","Misc","rep 2","ST13_JUL12_elut<1_rep 2",379.2,60.7,0.16007384
"st13","Jul","elut>1","Misc","rep 2","ST13_JUL12_elut>1_rep 2",389.3,NA,NA
"st13","Jul","elut>1","Misc","rep 2","ST13_JUL12_elut>1_rep 2",140.3,63,0.449037776
"st13","Jul","scrub>1","Misc","rep 2","ST13_JUL12_scrub>1_rep 2",203.7,143,0.702012764
"st13","Jul","cut>1","CalHam","rep 3","ST13_JUL12_cut>1_rep 3",824.5,730.1763122,0.885598923
"st13","Jul","cut>1","Fila","rep 3","ST13_JUL12_cut>1_rep 3",5.9,2.799999999,0.474576271
"st13","Jul","cut>1","Font","rep 3","ST13_JUL12_cut>1_rep 3",198.2,99.8423221,0.503745318
"st13","Jul","cut>1","Jung","rep 3","ST13_JUL12_cut>1_rep 3",717.5,NA,NA
"st13","Jul","cut>1","Misc","rep 3","ST13_JUL12_cut>1_rep 3",1948,792.5728658,0.406864921
"st13","Jul","elut<1","Misc","rep 3","ST13_JUL12_elut<1_rep 3",266.3,NA,0.837837838
"st13","Jul","elut>1","Misc","rep 3","ST13_JUL12_elut>1_rep 3",598.7,219.1,0.365959579
"st13","Jul","cut>1","Fila","rep 4","ST13_JUL12_cut>1_rep 4",80.3,53.53333333,0.666666667
"st13","Jul","cut>1","Horsetail","rep 4","ST13_JUL12_cut>1_rep 4",425.9,359.5713115,0.844262295
"st13","Jul","cut>1","Jung","rep 4","ST13_JUL12_cut>1_rep 4",78.2,63.4,0.810741688
"st13","Jul","cut>1","Misc","rep 4","ST13_JUL12_cut>1_rep 4",121.7,NA,NA
"st13","Jul","elut<1","Misc","rep 4","ST13_JUL12_elut<1_rep 4",76.2,NA,NA
"st13","Jul","elut>1","Misc","rep 4","ST13_JUL12_elut>1_rep 4",810.1,194,0.239476608
"st13","Jul","scrub<1","Misc","rep 4","ST13_JUL12_scrub<1_rep 4",186.5,40.8,0.218766756
"st13","Jul","scrub>1","Misc","rep 4","ST13_JUL12_scrub>1_rep 4",573.8,152.2,0.265249216
"st13","Jul","elut<1","Misc","rep 5","ST13_JUL12_elut<1_rep 5",443.5,70.4,0.158737317
"st13","Jul","elut>1","Misc","rep 5","ST13_JUL12_elut>1_rep 5",347.7,120.761148,0.347314202
"st13","Jul","scrub<1","Misc","rep 5","ST13_JUL12_scrub<1_rep 5",27.8,7.2,0.741007194
"st13","Jul","scrub>1","Misc","rep 5","ST13_JUL12_scrub>1_rep 5",477.3,209.5,0.438927
"st14","Jul","cut>1","Misc","rep 1","ST14_JUL12_cut>1_rep 1",0,0,0
"st14","Jul","elut<1","Misc","rep 1","ST14_JUL12_elut<1_rep 1",46.5,6.6,0.141935484
"st14","Jul","elut>1","Misc","rep 1","ST14_JUL12_elut>1_rep 1",15.9,4.6,0.289308176
"st14","Jul","scrub<1","Misc","rep 1","ST14_JUL12_scrub<1_rep 1",86.1,46.5,0.540069686
"st14","Jul","scrub>1","Misc","rep 1","ST14_JUL12_scrub>1_rep 1",235.7,71.8811933,0.304969
"st14","Jul","cut>1","Misc","rep 2","ST14_JUL12_cut>1_rep 2",0,0,0
"st14","Jul","elut<1","Misc","rep 2","ST14_JUL12_elut<1_rep 2",64.8,8,0.12345679
"st14","Jul","elut>1","Misc","rep 2","ST14_JUL12_elut>1_rep 2",101.7,6.6,0.064896755
"st14","Jul","scrub<1","Misc","rep 2","ST14_JUL12_scrub<1_rep 2",109.6,47.4,0.432481752
"st14","Jul","scrub>1","Misc","rep 2","ST14_JUL12_scrub>1_rep 2",246.8,107.9,0.43719611
"st14","Jul","cut>1","Misc","rep 3","ST14_JUL12_cut>1_rep 3",0,0,0
"st14","Jul","elut<1","Misc","rep 3","ST14_JUL12_elut<1_rep 3",70,NA,NA
"st14","Jul","elut>1","Misc","rep 3","ST14_JUL12_elut>1_rep 3",141.3,NA,0.379139
"st14","Jul","scrub<1","Misc","rep 3","ST14_JUL12_scrub<1_rep 3",77.1,30.6,0.39688716
"st14","Jul","scrub>1","Misc","rep 3","ST14_JUL12_scrub>1_rep 3",432.2,NA,0.372976
"st14","Jul","cut>1","Misc","rep 4","ST14_JUL12_cut>1_rep 4",0,0,0
"st14","Jul","elut<1","Misc","rep 4","ST14_JUL12_elut<1_rep 4",20.2,NA,NA
"st14","Jul","elut>1","Misc","rep 4","ST14_JUL12_elut>1_rep 4",38.5,NA,0.385965
"st14","Jul","scrub<1","Misc","rep 4","ST14_JUL12_scrub<1_rep 4",200.6,41.4,0.206380857
"st14","Jul","scrub>1","Misc","rep 4","ST14_JUL12_scrub>1_rep 4",394.5,NA,0.301187
"st14","Jul","cut>1","Misc","rep 5","ST14_JUL12_cut>1_rep 5",0,0,0
"st14","Jul","elut<1","Misc","rep 5","ST14_JUL12_elut<1_rep 5",167.7,22.2,0.132379249
"st14","Jul","elut>1","Misc","rep 5","ST14_JUL12_elut>1_rep 5",182.1,NA,0.290499
"st14","Jul","scrub<1","Misc","rep 5","ST14_JUL12_scrub<1_rep 5",206.6,90.8,0.439496612
"st14","Jul","scrub>1","Misc","rep 5","ST14_JUL12_scrub>1_rep 5",210.1,NA,0.380126
"st17","Feb","cut>1","Misc","rep 1","ST17_FEB12_cut>1_rep 1",0,0,0
"st17","Feb","elut<1","Misc","rep 1","ST17_FEB12_elut<1_rep 1",191.1,16.4,0.085818943
"st17","Feb","elut<1","Misc","rep 2","ST17_FEB12_elut<1_rep 2",193.5,14.4,0.074418605
"st17","Feb","scrub>1","Misc","rep 2","ST17_FEB12_scrub>1_rep 2",716,210.2,0.293575419
"st17","Feb","elut<1","Misc","rep 3","ST17_FEB12_elut<1_rep 3",111.7,10.1,0.09042077
"st17","Feb","elut>1","Misc","rep 3","ST17_FEB12_elut>1_rep 3",1239.8,231.1696663,0.186457224
"st17","Feb","scrub<1","Misc","rep 3","ST17_FEB12_scrub<1_rep 3",266.5,28.1,0.105440901
"st17","Feb","scrub>1","Misc","rep 3","ST17_FEB12_scrub>1_rep 3",2732.5,799.9,0.29273559
"st17","Feb","elut<1","Misc","rep 4","ST17_FEB12_elut<1_rep 4",82.7,8,0.096735187
"st17","Feb","scrub<1","Misc","rep 4","ST17_FEB12_scrub<1_rep 4",63.7,7.9,0.124018838
"st17","Feb","scrub>1","Misc","rep 4","ST17_FEB12_scrub>1_rep 4",31.3,15.5,0.495207668
"st17","Feb","elut<1","Misc","rep 5","ST17_FEB12_elut<1_rep 5",16.7,7.4,0.443113772
"st17","Feb","elut>1","Misc","rep 5","ST17_FEB12_elut>1_rep 5",143,48.75871,0.34097
"st17","Feb","scrub<1","Misc","rep 5","ST17_FEB12_scrub<1_rep 5",74.7,NA,NA
"st17","Feb","scrub>1","Misc","rep 5","ST17_FEB12_scrub>1_rep 5",73.4,42.4,0.577656676
"st17","Jul","cut>1","Fila","rep 1","ST17_JUL12_cut>1_rep 1",27.8,NA,NA
"st17","Jul","cut>1","Font","rep 1","ST17_JUL12_cut>1_rep 1",2548.3,1906.727223,0.748234989
"st17","Jul","cut>1","Misc","rep 1","ST17_JUL12_cut>1_rep 1",235.4,187.6,0.796941376
"st17","Jul","elut<1","Misc","rep 1","ST17_JUL12_elut<1_rep 1",136.7,NA,0.127555988
"st17","Jul","elut>1","Misc","rep 1","ST17_JUL12_elut>1_rep 1",328,141.8,0.432317073
"st17","Jul","scrub<1","Misc","rep 1","ST17_JUL12_scrub<1_rep 1",143.9,109.7312762,0.762552301
"st17","Jul","scrub>1","Misc","rep 1","ST17_JUL12_scrub>1_rep 1",379.1,127.5,0.33632287
"st17","Jul","cut>1","Fila","rep 2","ST17_JUL12_cut>1_rep 2",182.6948325,NA,NA
"st17","Jul","cut>1","Font","rep 2","ST17_JUL12_cut>1_rep 2",3666.240895,3013.089681,0.821847164
"st17","Jul","cut>1","Grass","rep 2","ST17_JUL12_cut>1_rep 2",5506.767889,5164.942597,0.93792633
"st17","Jul","cut>1","Jung","rep 2","ST17_JUL12_cut>1_rep 2",153.0686434,NA,NA
"st17","Jul","cut>1","Misc","rep 2","ST17_JUL12_cut>1_rep 2",4895.72774,3178.002576,0.649137931
"st17","Jul","elut<1","Misc","rep 2","ST17_JUL12_elut<1_rep 2",297.9,NA,0.120673527
"st17","Jul","elut>1","Misc","rep 2","ST17_JUL12_elut>1_rep 2",953.9,144.0476093,0.15100913
"st17","Jul","scrub>1","Misc","rep 2","ST17_JUL12_scrub>1_rep 2",440.6,173.6000001,0.394008171
"st17","Jul","cut>1","Fila","rep 3","ST17_JUL12_cut>1_rep 3",2448.120876,NA,NA
"st17","Jul","cut>1","Font","rep 3","ST17_JUL12_cut>1_rep 3",7603.469874,6745.03891,0.887100103
"st17","Jul","cut>1","Jung","rep 3","ST17_JUL12_cut>1_rep 3",2378.313163,NA,NA
"st17","Jul","cut>1","Misc","rep 3","ST17_JUL12_cut>1_rep 3",2408.696086,1323.744616,0.549568966
"st17","Jul","elut<1","Misc","rep 3","ST17_JUL12_elut<1_rep 3",401.1,NA,NA
"st17","Jul","elut>1","Misc","rep 3","ST17_JUL12_elut>1_rep 3",1239.8,323.1,0.260606549
"st17","Jul","scrub<1","Misc","rep 3","ST17_JUL12_scrub<1_rep 3",158.5,128.1,0.808201893
"st17","Jul","scrub>1","Misc","rep 3","ST17_JUL12_scrub>1_rep 3",675.3,321.3,0.475788538
"st17","Jul","cut>1","Misc","rep 4","ST17_JUL12_cut>1_rep 4",0,0,0
"st17","Jul","elut<1","Misc","rep 4","ST17_JUL12_elut<1_rep 4",29.4,NA,NA
"st17","Jul","elut>1","Misc","rep 4","ST17_JUL12_elut>1_rep 4",828.5,NA,0.791722296
"st17","Jul","scrub<1","Misc","rep 4","ST17_JUL12_scrub<1_rep 4",122.8,21.35652174,0.173913043
"st17","Jul","scrub>1","Misc","rep 4","ST17_JUL12_scrub>1_rep 4",150.7,43.2986195,0.287316652
"st17","Jul","cut>1","Misc","rep 5","ST17_JUL12_cut>1_rep 5",0,0,0
"st17","Jul","elut<1","Misc","rep 5","ST17_JUL12_elut<1_rep 5",368.1,NA,NA
"st17","Jul","scrub<1","Misc","rep 5","ST17_JUL12_scrub<1_rep 5",102.3,12.9,0.126099707
"st5","Feb","cut>1","Misc","rep 1","ST5_FEB12_cut>1_rep 1",0,0,0
"st5","Feb","elut<1","Misc","rep 1","ST5_FEB12_elut<1_rep 1",14.3,1.9,0.132867133
"st5","Feb","elut>1","Misc","rep 1","ST5_FEB12_elut>1_rep 1",111,19.7,0.177477477
"st5","Feb","scrub<1","Misc","rep 1","ST5_FEB12_scrub<1_rep 1",29.4,3.6,0.12244898
"st5","Feb","scrub>1","Misc","rep 1","ST5_FEB12_scrub>1_rep 1",426.7,NA,0.887687188
"st5","Feb","cut>1","Fila","rep 2","ST5_FEB12_cut>1_rep 2",92.81577945,60.1772636,NA
"st5","Feb","cut>1","Font","rep 2","ST5_FEB12_cut>1_rep 2",3772.40046,2841.998768,NA
"st5","Feb","cut>1","Horsetail","rep 2","ST5_FEB12_cut>1_rep 2",109.5430188,NA,NA
"st5","Feb","cut>1","Misc","rep 2","ST5_FEB12_cut>1_rep 2",1894.053873,1121.33701,NA
"st5","Feb","elut<1","Misc","rep 2","ST5_FEB12_elut<1_rep 2",345.6,36.3,0.105034722
"st5","Feb","elut>1","Misc","rep 2","ST5_FEB12_elut>1_rep 2",604.2,176.4791996,NA
"st5","Feb","scrub<1","Misc","rep 2","ST5_FEB12_scrub<1_rep 2",17.6,1.9,0.107954545
"st5","Feb","scrub>1","Misc","rep 2","ST5_FEB12_scrub>1_rep 2",270.8,191.3,0.706425406
"st5","Feb","cut>1","Misc","rep 3","ST5_FEB12_cut>1_rep 3",0,0,0
"st5","Feb","elut<1","Misc","rep 3","ST5_FEB12_elut<1_rep 3",27.5,3,0.109090909
"st5","Feb","elut>1","Misc","rep 3","ST5_FEB12_elut>1_rep 3",111.9,74.2995397,NA
"st5","Feb","scrub<1","Misc","rep 3","ST5_FEB12_scrub<1_rep 3",41.3,3.7,0.089588378
"st5","Feb","scrub>1","Misc","rep 3","ST5_FEB12_scrub>1_rep 3",27.5,20.7,0.752727273
"st5","Feb","cut>1","Misc","rep 4","ST5_FEB12_cut>1_rep 4",0,0,0
"st5","Feb","elut<1","Misc","rep 4","ST5_FEB12_elut<1_rep 4",29.7,2.999997,0.10101
"st5","Feb","elut>1","Misc","rep 4","ST5_FEB12_elut>1_rep 4",73.4,65.5,0.892370572
"st5","Feb","scrub<1","Misc","rep 4","ST5_FEB12_scrub<1_rep 4",36.4,5.6,0.153846154
"st5","Feb","scrub>1","Misc","rep 4","ST5_FEB12_scrub>1_rep 4",65.5,42.55109489,NA
"st5","Feb","cut>1","Misc","rep 5","ST5_FEB12_cut>1_rep 5",0,0,0
"st5","Feb","elut<1","Misc","rep 5","ST5_FEB12_elut<1_rep 5",132.9,14.9,0.112114372
"st5","Feb","elut>1","Misc","rep 5","ST5_FEB12_elut>1_rep 5",158.9,75.9,0.477658905
"st5","Feb","scrub<1","Misc","rep 5","ST5_FEB12_scrub<1_rep 5",79.2,12.3,0.15530303
"st5","Feb","scrub>1","Misc","rep 5","ST5_FEB12_scrub>1_rep 5",716.3,114.9,0.16040765
"st5","Jul","cut>1","Fila","rep 1","ST5_JUL12_cut>1_rep 1",257.5436098,185.4698384,0.720149254
"st5","Jul","cut>1","Font","rep 1","ST5_JUL12_cut>1_rep 1",1233.110537,1060.118369,0.859710737
"st5","Jul","cut>1","Misc","rep 1","ST5_JUL12_cut>1_rep 1",574.8825366,363.5193005,0.632336656
"st5","Jul","cut>1","Nos","rep 1","ST5_JUL12_cut>1_rep 1",197.2774634,153.4380271,0.777777778
"st5","Jul","elut<1","Misc","rep 1","ST5_JUL12_elut<1_rep 1",619.8,74.2,0.119716037
"st5","Jul","elut>1","Misc","rep 1","ST5_JUL12_elut>1_rep 1",706.9,107.8715262,0.152598
"st5","Jul","scrub<1","Misc","rep 1","ST5_JUL12_scrub<1_rep 1",62.2,7.070905588,0.113680154
"st5","Jul","scrub>1","Misc","rep 1","ST5_JUL12_scrub>1_rep 1",14.6,11.2,0.767123288
"st5","Jul","cut>1","Fila","rep 2","ST5_JUL12_cut>1_rep 2",5.438077282,NA,NA
"st5","Jul","cut>1","Font","rep 2","ST5_JUL12_cut>1_rep 2",20462.07137,17957.35611,0.877592292
"st5","Jul","cut>1","Misc","rep 2","ST5_JUL12_cut>1_rep 2",572.1905507,339.3388129,0.593052109
"st5","Jul","elut<1","Misc","rep 2","ST5_JUL12_elut<1_rep 2",94.2,15,0.159236
"st5","Jul","elut>1","Misc","rep 2","ST5_JUL12_elut>1_rep 2",808.3,423.8,0.524310281
"st5","Jul","scrub<1","Misc","rep 2","ST5_JUL12_scrub<1_rep 2",16.8,3.7,0.220238095
"st5","Jul","scrub>1","Misc","rep 2","ST5_JUL12_scrub>1_rep 2",59.8,NA,0.879888
"st5","Jul","cut>1","Fila","rep 3","ST5_JUL12_cut>1_rep 3",310.5,220.9924893,0.711731044
"st5","Jul","cut>1","Font","rep 3","ST5_JUL12_cut>1_rep 3",2004,1807.458793,0.901925546
"st5","Jul","cut>1","Misc","rep 3","ST5_JUL12_cut>1_rep 3",497.4,350.9640368,0.705597179
"st5","Jul","elut<1","Misc","rep 3","ST5_JUL12_elut<1_rep 3",103.1,14.599991,0.14161
"st5","Jul","elut>1","Misc","rep 3","ST5_JUL12_elut>1_rep 3",54.6,21.65698324,0.396648045
"st5","Jul","scrub<1","Misc","rep 3","ST5_JUL12_scrub<1_rep 3",3.3,2.4000009,0.727273
"st5","Jul","scrub>1","Misc","rep 3","ST5_JUL12_scrub>1_rep 3",97.4,NA,0.419321
"st5","Jul","cut>1","Fila","rep 4","ST5_JUL12_cut>1_rep 4",85.6,NA,0.711731044
"st5","Jul","cut>1","Font","rep 4","ST5_JUL12_cut>1_rep 4",803.1,703.3404826,0.875781948
"st5","Jul","cut>1","Misc","rep 4","ST5_JUL12_cut>1_rep 4",546,377.0315536,0.690533981
"st5","Jul","elut>1","Misc","rep 4","ST5_JUL12_elut>1_rep 4",823.1,84.8,0.103025149
"st5","Jul","scrub<1","Misc","rep 4","ST5_JUL12_scrub<1_rep 4",119.8,12.27061995,0.102425876
"st5","Jul","scrub>1","Misc","rep 4","ST5_JUL12_scrub>1_rep 4",73.1,13.3,0.181942544
"st5","Jul","cut>1","Fila","rep 5","ST5_JUL12_cut>1_rep 5",493.6791569,337.015471,0.682660927
"st5","Jul","cut>1","Font","rep 5","ST5_JUL12_cut>1_rep 5",896.8373369,809.1032496,0.902173913
"st5","Jul","cut>1","Misc","rep 5","ST5_JUL12_cut>1_rep 5",146.1933327,110.0059377,0.75246891
"st5","Jul","cut>1","Nos","rep 5","ST5_JUL12_cut>1_rep 5",1494.090173,1216.294513,0.814070352
"st5","Jul","elut<1","Misc","rep 5","ST5_JUL12_elut<1_rep 5",116.1,NA,NA
"st5","Jul","elut>1","Misc","rep 5","ST5_JUL12_elut>1_rep 5",229.1,192.035007,0.838214784
"st5","Jul","scrub<1","Misc","rep 5","ST5_JUL12_scrub<1_rep 5",112.5,17.9,0.159111111
"st5","Jul","scrub>1","Misc","rep 5","ST5_JUL12_scrub>1_rep 5",1052.4,NA,0.803583028
"st6","Feb","cut>1","Misc","rep 1","ST6_FEB12_cut>1_rep 1",0,0,0
"st6","Feb","elut<1","Misc","rep 1","ST6_FEB12_elut<1_rep 1",107.7,7.9,0.076699
"st6","Feb","elut>1","Misc","rep 1","ST6_FEB12_elut>1_rep 1",268.2,16.7,0.062266965
"st6","Feb","scrub<1","Misc","rep 1","ST6_FEB12_scrub<1_rep 1",40.9,7.82654321,0.191358025
"st6","Feb","scrub>1","Misc","rep 1","ST6_FEB12_scrub>1_rep 1",12,2.6,0.216666667
"st6","Feb","cut>1","Misc","rep 2","ST6_FEB12_cut>1_rep 2",0,0,0
"st6","Feb","elut<1","Misc","rep 2","ST6_FEB12_elut<1_rep 2",24.4,2.7,0.110655738
"st6","Feb","elut>1","Misc","rep 2","ST6_FEB12_elut>1_rep 2",68.2,12.5,0.183284457
"st6","Feb","scrub<1","Misc","rep 2","ST6_FEB12_scrub<1_rep 2",39.5,2.3,0.058227848
"st6","Feb","scrub>1","Misc","rep 2","ST6_FEB12_scrub>1_rep 2",3.9,1.7,0.435897436
"st6","Feb","cut>1","Misc","rep 3","ST6_FEB12_cut>1_rep 3",0,0,0
"st6","Feb","elut<1","Misc","rep 3","ST6_FEB12_elut<1_rep 3",139.1,10.1,0.072609633
"st6","Feb","elut>1","Misc","rep 3","ST6_FEB12_elut>1_rep 3",182.5,18.2,0.099726027
"st6","Feb","scrub<1","Misc","rep 3","ST6_FEB12_scrub<1_rep 3",10.5,1,0.095238095
"st6","Feb","scrub>1","Misc","rep 3","ST6_FEB12_scrub>1_rep 3",27.5,20.7,0.752727273
"st6","Feb","cut>1","Misc","rep 4","ST6_FEB12_cut>1_rep 4",0,0,0
"st6","Feb","elut<1","Misc","rep 4","ST6_FEB12_elut<1_rep 4",63,51.1,0.811111111
"st6","Feb","elut>1","Misc","rep 4","ST6_FEB12_elut>1_rep 4",5.6,2.5,0.446428571
"st6","Feb","scrub<1","Misc","rep 4","ST6_FEB12_scrub<1_rep 4",21,3.1,0.147619048
"st6","Feb","scrub>1","Misc","rep 4","ST6_FEB12_scrub>1_rep 4",479.6,NA,0.542908224
"st6","Feb","elut<1","Misc","rep 5","ST6_FEB12_elut<1_rep 5",53,15.7,0.296226415
"st6","Feb","elut>1","Misc","rep 5","ST6_FEB12_elut>1_rep 5",9.9,3.9,0.393939394
"st6","Feb","scrub<1","Misc","rep 5","ST6_FEB12_scrub<1_rep 5",45.6,4.2,0.092105263
"st6","Feb","scrub>1","Misc","rep 5","ST6_FEB12_scrub>1_rep 5",9.8,3.8,0.387755102
"st6","Jul","cut>1","Fila","rep 1","ST6_JUL12_cut>1_rep 1",5145.257043,3147.4043,0.611709828
"st6","Jul","cut>1","Font","rep 1","ST6_JUL12_cut>1_rep 1",772.9445054,290.014738,0.37520771
"st6","Jul","cut>1","Misc","rep 1","ST6_JUL12_cut>1_rep 1",2343.49376,799.6342879,0.341214601
"st6","Jul","cut>1","Nos","rep 1","ST6_JUL12_cut>1_rep 1",477.7922167,396.8104851,0.830508475
"st6","Jul","cut>1","Wood","rep 1","ST6_JUL12_cut>1_rep 1",250.712475,210.3500951,0.839009288
"st6","Jul","elut<1","Misc","rep 1","ST6_JUL12_elut<1_rep 1",284,NA,NA
"st6","Jul","elut>1","Misc","rep 1","ST6_JUL12_elut>1_rep 1",340.5,132.7,0.389720999
"st6","Jul","scrub<1","Misc","rep 1","ST6_JUL12_scrub<1_rep 1",55.4,11.29631236,0.203904555
"st6","Jul","scrub>1","Misc","rep 1","ST6_JUL12_scrub>1_rep 1",708.1,452.6274334,0.639214
"st6","Jul","cut>1","Fila","rep 2","ST6_JUL12_cut>1_rep 2",767.8,301.2,0.392289659
"st6","Jul","cut>1","Font","rep 2","ST6_JUL12_cut>1_rep 2",49.7,NA,NA
"st6","Jul","cut>1","Jung","rep 2","ST6_JUL12_cut>1_rep 2",1.6,NA,NA
"st6","Jul","cut>1","Nos","rep 2","ST6_JUL12_cut>1_rep 2",10,NA,NA
"st6","Jul","elut<1","Misc","rep 2","ST6_JUL12_elut<1_rep 2",76.5,NA,NA
"st6","Jul","elut>1","Misc","rep 2","ST6_JUL12_elut>1_rep 2",158.6,NA,0.485075
"st6","Jul","scrub<1","Misc","rep 2","ST6_JUL12_scrub<1_rep 2",72.4,11.3,0.156077348
"st6","Jul","scrub>1","Misc","rep 2","ST6_JUL12_scrub>1_rep 2",780,NA,0.284522003
"st6","Jul","cut>1","Fila","rep 3","ST6_JUL12_cut>1_rep 3",1964.574968,1219.502461,0.620746207
"st6","Jul","cut>1","Font","rep 3","ST6_JUL12_cut>1_rep 3",1803.60273,1282.606131,0.711135612
"st6","Jul","cut>1","Misc","rep 3","ST6_JUL12_cut>1_rep 3",364.3681928,98.72435256,0.270946681
"st6","Jul","cut>1","Nos","rep 3","ST6_JUL12_cut>1_rep 3",2925.254109,2372.110395,0.810907465
"st6","Jul","elut<1","Misc","rep 3","ST6_JUL12_elut<1_rep 3",15.4,NA,NA
"st6","Jul","elut>1","Misc","rep 3","ST6_JUL12_elut>1_rep 3",69.1,13.52279572,NA
"st6","Jul","scrub<1","Misc","rep 3","ST6_JUL12_scrub<1_rep 3",42.9,NA,NA
"st6","Jul","scrub>1","Misc","rep 3","ST6_JUL12_scrub>1_rep 3",204.2,NA,0.591468
"st6","Jul","cut>1","Font","rep 4","ST6_JUL12_cut>1_rep 4",313.7,254.3600205,0.810838446
"st6","Jul","cut>1","Font","rep 4","ST6_JUL12_cut>1_rep 4",212,170.7319244,0.805339266
"st6","Jul","cut>1","Misc","rep 4","ST6_JUL12_cut>1_rep 4",3743.9,NA,NA
"st6","Jul","cut>1","Nos","rep 4","ST6_JUL12_cut>1_rep 4",442.3,324.393234,0.733423545
"st6","Jul","cut>1","Fila","rep 4","ST6_JUL12_cut>1_rep 4",140.1,75.57261411,0.539419087
"st6","Jul","elut<1","Misc","rep 4","ST6_JUL12_elut<1_rep 4",84.4,NA,NA
"st6","Jul","elut>1","Misc","rep 4","ST6_JUL12_elut>1_rep 4",167.6,91,0.542959427
"st6","Jul","scrub<1","Misc","rep 4","ST6_JUL12_scrub<1_rep 4",21.8,11.8,0.458715596
"st6","Jul","scrub>1","Misc","rep 4","ST6_JUL12_scrub>1_rep 4",60.6,30.9,0.50990099
"st6","Jul","cut>1","Fila","rep 5","ST6_JUL12_cut>1_rep 5",1297.5,836.7,0.644855491
"st6","Jul","cut>1","Font","rep 5","ST6_JUL12_cut>1_rep 5",120.4,53.3,0.44269103
"st6","Jul","cut>1","Horsetail","rep 5","ST6_JUL12_cut>1_rep 5",215.2,NA,NA
"st6","Jul","cut>1","Misc","rep 5","ST6_JUL12_cut>1_rep 5",34.6,20.39578947,0.589473684
"st6","Jul","cut>1","Nos","rep 5","ST6_JUL12_cut>1_rep 5",90.9,64.40033898,0.708474576
"st6","Jul","elut<1","Misc","rep 5","ST6_JUL12_elut<1_rep 5",186.5,NA,NA
"st6","Jul","elut>1","Misc","rep 5","ST6_JUL12_elut>1_rep 5",675.6,NA,NA
"st6","Jul","scrub<1","Misc","rep 5","ST6_JUL12_scrub<1_rep 5",26.2,7.8,0.297709924
"st6","Jul","scrub>1","Misc","rep 5","ST6_JUL12_scrub>1_rep 5",272.8,NA,0.344420601
"st8","Feb","cut>1","Fila","rep 1","ST8_FEB12_cut>1_rep 1",53.6,35.64263959,0.664974619
"st8","Feb","cut>1","Font","rep 1","ST8_FEB12_cut>1_rep 1",4048.3,2816.5,0.695724131
"st8","Feb","cut>1","Misc","rep 1","ST8_FEB12_cut>1_rep 1",527.7,NA,NA
"st8","Feb","elut<1","Misc","rep 1","ST8_FEB12_elut<1_rep 1",141.2,33.1,0.234419263
"st8","Feb","elut>1","Misc","rep 1","ST8_FEB12_elut>1_rep 1",53,NA,NA
"st8","Feb","scrub<1","Misc","rep 1","ST8_FEB12_scrub<1_rep 1",17.6,4.1684192,0.236842
"st8","Feb","scrub>1","Misc","rep 1","ST8_FEB12_scrub>1_rep 1",46.2,35.09893993,0.759717314
"st8","Feb","cut>1","Fila","rep 2","ST8_FEB12_cut>1_rep 2",82.1,24.2,0.294762485
"st8","Feb","cut>1","Font","rep 2","ST8_FEB12_cut>1_rep 2",3573.2,3332.408985,0.93261194
"st8","Feb","cut>1","Misc","rep 2","ST8_FEB12_cut>1_rep 2",563.4,278,0.49343273
"st8","Feb","elut<1","Misc","rep 2","ST8_FEB12_elut<1_rep 2",26.4,3.8,0.143939394
"st8","Feb","scrub<1","Misc","rep 2","ST8_FEB12_scrub<1_rep 2",24.6,5.9,0.239837398
"st8","Feb","scrub>1","Misc","rep 2","ST8_FEB12_scrub>1_rep 2",418.8,251.8534804,0.601369342
"st8","Feb","cut>1","Fila","rep 3","ST8_FEB12_cut>1_rep 3",561.2766446,509.9403661,NA
"st8","Feb","cut>1","Font","rep 3","ST8_FEB12_cut>1_rep 3",1732.008804,1390.428481,0.802783726
"st8","Feb","cut>1","Misc","rep 3","ST8_FEB12_cut>1_rep 3",1698.642137,1285.482019,0.756770359
"st8","Feb","elut<1","Misc","rep 3","ST8_FEB12_elut<1_rep 3",20.7,2.8,0.1352657
"st8","Feb","elut>1","Misc","rep 3","ST8_FEB12_elut>1_rep 3",314,258.3,0.822611465
"st8","Feb","scrub<1","Misc","rep 3","ST8_FEB12_scrub<1_rep 3",20.7,2.8,0.1352657
"st8","Feb","scrub>1","Misc","rep 3","ST8_FEB12_scrub>1_rep 3",195.9,167.4,0.854517611
"st8","Feb","cut>1","Font","rep 4","ST8_FEB12_cut>1_rep 4",9686.959423,5049.011904,NA
"st8","Feb","cut>1","Misc","rep 4","ST8_FEB12_cut>1_rep 4",773.4,338.3625,NA
"st8","Feb","elut<1","Misc","rep 4","ST8_FEB12_elut<1_rep 4",26.5,3.8,0.143396226
"st8","Feb","elut>1","Misc","rep 4","ST8_FEB12_elut>1_rep 4",274.9,64,0.232811932
"st8","Feb","scrub<1","Misc","rep 4","ST8_FEB12_scrub<1_rep 4",240,13.6,0.056666667
"st8","Feb","scrub>1","Misc","rep 4","ST8_FEB12_scrub>1_rep 4",724.2,NA,0.885858
"st8","Feb","elut<1","Misc","rep 5","ST8_FEB12_elut<1_rep 5",96.8,11,0.113636364
"st8","Feb","elut>1","Misc","rep 5","ST8_FEB12_elut>1_rep 5",38,18.5,0.486842105
"st8","Feb","scrub<1","Misc","rep 5","ST8_FEB12_scrub<1_rep 5",38.6,4.7,0.121761658
"st8","Feb","scrub>1","Misc","rep 5","ST8_FEB12_scrub>1_rep 5",336.6,183.2,0.544266191
"st8","Jul","cut>1","Fila","rep 1","ST8_JUL12_cut>1_rep 1",517.4751046,340.6740223,0.65833896
"st8","Jul","cut>1","Font","rep 1","ST8_JUL12_cut>1_rep 1",6461.460136,3882.775034,0.600912944
"st8","Jul","cut>1","Misc","rep 1","ST8_JUL12_cut>1_rep 1",510.3647597,NA,NA
"st8","Jul","elut<1","Misc","rep 1","ST8_JUL12_elut<1_rep 1",71.4,10.7,0.149859944
"st8","Jul","elut>1","Misc","rep 1","ST8_JUL12_elut>1_rep 1",41.5,NA,NA
"st8","Jul","scrub<1","Misc","rep 1","ST8_JUL12_scrub<1_rep 1",67.3,9.3,0.138187221
"st8","Jul","scrub>1","Misc","rep 1","ST8_JUL12_scrub>1_rep 1",149.1,47.3,0.317236754
"st8","Jul","cut>1","Fila","rep 2","ST8_JUL12_cut>1_rep 2",1231.9524,NA,NA
"st8","Jul","cut>1","Font","rep 2","ST8_JUL12_cut>1_rep 2",33021.30918,29639.44817,0.897585496
"st8","Jul","cut>1","Grass","rep 2","ST8_JUL12_cut>1_rep 2",145.673572,139.1565734,0.955263
"st8","Jul","cut>1","Misc","rep 2","ST8_JUL12_cut>1_rep 2",145.2648432,60.6738357,NA
"st8","Jul","elut<1","Misc","rep 2","ST8_JUL12_elut<1_rep 2",58.4,12.3,0.210616438
"st8","Jul","elut>1","Misc","rep 2","ST8_JUL12_elut>1_rep 2",813.8,NA,0.509746
"st8","Jul","scrub<1","Misc","rep 2","ST8_JUL12_scrub<1_rep 2",23.3,4.8,0.206008584
"st8","Jul","cut>1","Fila","rep 3","ST8_JUL12_cut>1_rep 3",761.7,488.1316901,NA
"st8","Jul","cut>1","Font","rep 3","ST8_JUL12_cut>1_rep 3",8730.3,7628.672628,NA
"st8","Jul","cut>1","Misc","rep 3","ST8_JUL12_cut>1_rep 3",1117.2,716.8136919,0.641616266
"st8","Jul","elut<1","Misc","rep 3","ST8_JUL12_elut<1_rep 3",16.1,NA,NA
"st8","Jul","elut>1","Misc","rep 3","ST8_JUL12_elut>1_rep 3",216.5,123.5,0.570438799
"st8","Jul","scrub<1","Misc","rep 3","ST8_JUL12_scrub<1_rep 3",18.5,3.3,0.178378378
"st8","Jul","scrub>1","Misc","rep 3","ST8_JUL12_scrub>1_rep 3",604.1,NA,0.713621
"st8","Jul","cut>1","Fila","rep 4","ST8_JUL12_cut>1_rep 4",28.4,22.31428571,0.785714286
"st8","Jul","cut>1","Font","rep 4","ST8_JUL12_cut>1_rep 4",4743.462646,3768.778541,0.794520548
"st8","Jul","cut>1","Misc","rep 4","ST8_JUL12_cut>1_rep 4",182.2373539,144.2415986,0.791504022
"st8","Jul","elut<1","Misc","rep 4","ST8_JUL12_elut<1_rep 4",66.1,NA,NA
"st8","Jul","elut>1","Misc","rep 4","ST8_JUL12_elut>1_rep 4",174,91.8,0.527586207
"st8","Jul","scrub<1","Misc","rep 4","ST8_JUL12_scrub<1_rep 4",20.6,4,0.194174757
"st8","Jul","scrub>1","Misc","rep 4","ST8_JUL12_scrub>1_rep 4",146.6,NA,0.823179792
"st8","Jul","cut>1","Fila","rep 5","ST8_JUL12_cut>1_rep 5",145.9271018,NA,NA
"st8","Jul","cut>1","Font","rep 5","ST8_JUL12_cut>1_rep 5",13648.10679,11597.84994,NA
"st8","Jul","cut>1","Misc","rep 5","ST8_JUL12_cut>1_rep 5",138.866113,112.9758207,NA
"st8","Jul","elut<1","Misc","rep 5","ST8_JUL12_elut<1_rep 5",307.6,9.6,0.031209363
"st8","Jul","elut>1","Misc","rep 5","ST8_JUL12_elut>1_rep 5",139.3,51.2,0.367552046
"st8","Jul","scrub<1","Misc","rep 5","ST8_JUL12_scrub<1_rep 5",29.5,13.7,0.46440678
"st8","Jul","scrub>1","Misc","rep 5","ST8_JUL12_scrub>1_rep 5",918.8,474.4104356,0.516337
"st9","Jul","cut>1","Fila","rep 1","ST9_JUL12_cut>1_rep 1",358.7,NA,NA
"st9","Jul","cut>1","Font","rep 1","ST9_JUL12_cut>1_rep 1",923.8,634.9,0.687269972
"st9","Jul","cut>1","Grass","rep 1","ST9_JUL12_cut>1_rep 1",58.5,NA,NA
"st9","Jul","cut>1","Jung","rep 1","ST9_JUL12_cut>1_rep 1",14.6,NA,NA
"st9","Jul","cut>1","Misc","rep 1","ST9_JUL12_cut>1_rep 1",146.7,70.52244898,0.480725624
"st9","Jul","elut<1","Misc","rep 1","ST9_JUL12_elut<1_rep 1",120.6,17.6,0.145936982
"st9","Jul","elut>1","Misc","rep 1","ST9_JUL12_elut>1_rep 1",21.4,NA,0.537383
"st9","Jul","scrub<1","Misc","rep 1","ST9_JUL12_scrub<1_rep 1",189.9,78.6,0.586097946
"st9","Jul","scrub>1","Misc","rep 1","ST9_JUL12_scrub>1_rep 1",119,NA,0.622718
"st9","Jul","cut>1","Fila","rep 2","ST9_JUL12_cut>1_rep 2",3.2,NA,NA
"st9","Jul","cut>1","Font","rep 2","ST9_JUL12_cut>1_rep 2",490.4,422.4951969,0.861531804
"st9","Jul","cut>1","Horsetail","rep 2","ST9_JUL12_cut>1_rep 2",124.3,NA,NA
"st9","Jul","cut>1","Jung","rep 2","ST9_JUL12_cut>1_rep 2",5.6,NA,NA
"st9","Jul","cut>1","Misc","rep 2","ST9_JUL12_cut>1_rep 2",200.5,162.6,0.810972569
"st9","Jul","cut>1","Nos","rep 2","ST9_JUL12_cut>1_rep 2",49.5,43.6,0.880808081
"st9","Jul","elut<1","Misc","rep 2","ST9_JUL12_elut<1_rep 2",61.1,9.7,0.158756137
"st9","Jul","elut>1","Misc","rep 2","ST9_JUL12_elut>1_rep 2",689.9,NA,0.343925
"st9","Jul","scrub<1","Misc","rep 2","ST9_JUL12_scrub<1_rep 2",67.4,33.59999997,0.49851632
"st9","Jul","scrub>1","Misc","rep 2","ST9_JUL12_scrub>1_rep 2",259.5,NA,0.51577
"st9","Jul","cut>1","Fila","rep 3","ST9_JUL12_cut>1_rep 3",256.1,NA,NA
"st9","Jul","cut>1","Font","rep 3","ST9_JUL12_cut>1_rep 3",549,344.0188132,0.626628075
"st9","Jul","cut>1","Grass","rep 3","ST9_JUL12_cut>1_rep 3",60.7,NA,NA
"st9","Jul","cut>1","Jung","rep 3","ST9_JUL12_cut>1_rep 3",5.9,NA,NA
"st9","Jul","cut>1","Jung","rep 3","ST9_JUL12_cut>1_rep 3",46.5,NA,NA
"st9","Jul","cut>1","Misc","rep 3","ST9_JUL12_cut>1_rep 3",1382.5,749.6849667,0.542267607
"st9","Jul","elut<1","Misc","rep 3","ST9_JUL12_elut<1_rep 3",13.3,NA,NA
"st9","Jul","elut>1","Misc","rep 3","ST9_JUL12_elut>1_rep 3",8.5,NA,NA
"st9","Jul","scrub<1","Misc","rep 3","ST9_JUL12_scrub<1_rep 3",34.3,14.60000001,0.425655977
"st9","Jul","scrub>1","Misc","rep 3","ST9_JUL12_scrub>1_rep 3",714.6,NA,0.408818
"st9","Jul","cut>1","Fila","rep 4","ST9_JUL12_cut>1_rep 4",2005.082052,NA,NA
"st9","Jul","cut>1","Font","rep 4","ST9_JUL12_cut>1_rep 4",981.0844285,587.8871673,0.59922179
"st9","Jul","cut>1","Grass","rep 4","ST9_JUL12_cut>1_rep 4",522.5685643,434.9659625,0.832361516
"st9","Jul","cut>1","Jung","rep 4","ST9_JUL12_cut>1_rep 4",93.22521718,NA,NA
"st9","Jul","cut>1","Misc","rep 4","ST9_JUL12_cut>1_rep 4",3458.845813,2019.034125,0.583730595
"st9","Jul","cut>1","Nos","rep 4","ST9_JUL12_cut>1_rep 4",20.29392483,8.244406962,0.40625
"st9","Jul","elut<1","Misc","rep 4","ST9_JUL12_elut<1_rep 4",305.1,NA,NA
"st9","Jul","elut>1","Misc","rep 4","ST9_JUL12_elut>1_rep 4",164.5,NA,0.497598
"st9","Jul","scrub<1","Misc","rep 4","ST9_JUL12_scrub<1_rep 4",27.8,16.6,0.402877698
"st9","Jul","scrub>1","Misc","rep 4","ST9_JUL12_scrub>1_rep 4",206.5,NA,0.520679
"st9","Jul","cut>1","Fila","rep 5","ST9_JUL12_cut>1_rep 5",683.9867754,564.6162416,0.825478301
"st9","Jul","cut>1","Font","rep 5","ST9_JUL12_cut>1_rep 5",354.920471,279.4723638,0.787422498
"st9","Jul","cut>1","Jung","rep 5","ST9_JUL12_cut>1_rep 5",7.146014493,NA,NA
"st9","Jul","cut>1","Misc","rep 5","ST9_JUL12_cut>1_rep 5",364.4467391,292.4237232,0.802377115
"st9","Jul","elut<1","Misc","rep 5","ST9_JUL12_elut<1_rep 5",110.7,17.9,0.161698284
"st9","Jul","elut>1","Misc","rep 5","ST9_JUL12_elut>1_rep 5",167.1,87.6,0.524236984
"st9","Jul","scrub<1","Misc","rep 5","ST9_JUL12_scrub<1_rep 5",75.3,50.89999997,0.675962815
"st9","Jul","scrub>1","Misc","rep 5","ST9_JUL12_scrub>1_rep 5",940.6,NA,0.647944412
