"stream","year","month","ym","subtype","sample","spp","sampleID","perP","samplewt_mg"
"hver",2012,2,"2012-02","elut<1","rep 1","Misc","Hver_FEB12_elut<1_rep 1",0.17,0.8728
"hver",2012,2,"2012-02","scrub<1","rep 1","Misc","Hver_FEB12_scrub<1_rep 1",0.135,2.7244
"hver",2012,2,"2012-02","elut<1","rep 2","Misc","Hver_FEB12_elut<1_rep 2",0.106,2.4484
"hver",2012,2,"2012-02","scrub<1","rep 2","Misc","Hver_FEB12_scrub<1_rep 2",0.122,1.1872
"hver",2012,2,"2012-02","elut<1","rep 3","Misc","Hver_FEB12_elut<1_rep 3",0.169,0.5743
"hver",2012,2,"2012-02","scrub<1","rep 3","Misc","Hver_FEB12_scrub<1_rep 3",0.142,0.7285
"hver",2012,2,"2012-02","elut<1","rep 4","Misc","Hver_FEB12_elut<1_rep 4",0.117,3.1964
"hver",2012,2,"2012-02","scrub<1","rep 4","Misc","Hver_FEB12_scrub<1_rep 4",0.176,2.8046
"hver",2012,2,"2012-02","elut<1","rep 5","Misc","Hver_FEB12_elut<1_rep 5",0.138,2.8412
"hver",2012,2,"2012-02","scrub<1","rep 5","Misc","Hver_FEB12_scrub<1_rep 5",0.144,2.341
"st1",2012,2,"2012-02","cut>1","rep 1","Fila","ST1_FEB12_cut>1_rep 1",0.73,0.3907
"st1",2012,2,"2012-02","cut>1","rep 1","Font","ST1_FEB12_cut>1_rep 1",0.83,0.366
"st1",2012,2,"2012-02","cut>1","rep 1","Grass","ST1_FEB12_cut>1_rep 1",0.555,0.387
"st1",2012,2,"2012-02","cut>1","rep 1","Horsetail","ST1_FEB12_cut>1_rep 1",0.65,0.3602
"st1",2012,2,"2012-02","cut>1","rep 1","Misc","ST1_FEB12_cut>1_rep 1",0.78,0.3399
"st1",2012,2,"2012-02","cut>1","rep 1","MyrAlt","ST1_FEB12_cut>1_rep 1",0.795,0.4461
"st1",2012,2,"2012-02","elut<1","rep 1","Misc","ST1_FEB12_elut<1_rep 1",0.138,0.6198
"st1",2012,2,"2012-02","elut>1","rep 1","Misc","ST1_FEB12_elut>1_rep 1",0.454,0.325
"st1",2012,2,"2012-02","cut>1","rep 2","Font","ST1_FEB12_cut>1_rep 2",0.947,0.297
"st1",2012,2,"2012-02","cut>1","rep 2","Font","ST1_FEB12_cut>1_rep 2",0.72,0.1879
"st1",2012,2,"2012-02","cut>1","rep 2","Grass","ST1_FEB12_cut>1_rep 2",0.3,0.4125
"st1",2012,2,"2012-02","cut>1","rep 2","Horsetail","ST1_FEB12_cut>1_rep 2",0.556,0.3987
"st1",2012,2,"2012-02","cut>1","rep 2","Horsetail","ST1_FEB12_cut>1_rep 2",0.407,0.4572
"st1",2012,2,"2012-02","cut>1","rep 2","Misc","ST1_FEB12_cut>1_rep 2",0.72,0.2883
"st1",2012,2,"2012-02","cut>1","rep 2","Misc","ST1_FEB12_cut>1_rep 2",0.646,0.3703
"st1",2012,2,"2012-02","elut<1","rep 2","Misc","ST1_FEB12_elut<1_rep 2",0.224,0.61
"st1",2012,2,"2012-02","elut>1","rep 2","Misc","ST1_FEB12_elut>1_rep 2",0.463,0.282
"st1",2012,2,"2012-02","scrub<1","rep 2","Misc","ST1_FEB12_scrub<1_rep 2",0.179,0.8929
"st1",2012,2,"2012-02","scrub>1","rep 2","Misc","ST1_FEB12_scrub>1_rep 2",0.413,0.6926
"st1",2012,2,"2012-02","cut>1","rep 3","Font","ST1_FEB12_cut>1_rep 3",0.793,0.3694
"st1",2012,2,"2012-02","cut>1","rep 3","Grass","ST1_FEB12_cut>1_rep 3",0.331,0.3952
"st1",2012,2,"2012-02","cut>1","rep 3","Horsetail","ST1_FEB12_cut>1_rep 3",0.55,0.4735
"st1",2012,2,"2012-02","cut>1","rep 3","Misc","ST1_FEB12_cut>1_rep 3",0.304,0.4117
"st1",2012,2,"2012-02","elut<1","rep 3","Misc","ST1_FEB12_elut<1_rep 3",0.728,1.477
"st1",2012,2,"2012-02","elut>1","rep 3","Misc","ST1_FEB12_elut>1_rep 3",0.324,0.91
"st1",2012,2,"2012-02","cut>1","rep 4","Fila","ST1_FEB12_cut>1_rep 4",0.66,0.2923
"st1",2012,2,"2012-02","cut>1","rep 4","Font","ST1_FEB12_cut>1_rep 4",0.77,0.4214
"st1",2012,2,"2012-02","cut>1","rep 4","Misc","ST1_FEB12_cut>1_rep 4",0.353,0.2631
"st1",2012,2,"2012-02","elut<1","rep 4","Misc","ST1_FEB12_elut<1_rep 4",0.254,0.392
"st1",2012,2,"2012-02","elut>1","rep 4","Misc","ST1_FEB12_elut>1_rep 4",0.524,0.6903
"st1",2012,2,"2012-02","scrub>1","rep 4","Misc","ST1_FEB12_scrub>1_rep 4",0.758,1.7103
"st1",2012,2,"2012-02","cut>1","rep 5","Font","ST1_FEB12_cut>1_rep 5",0.768,0.4512
"st1",2012,2,"2012-02","cut>1","rep 5","Grass","ST1_FEB12_cut>1_rep 5",0.793,0.3612
"st1",2012,2,"2012-02","cut>1","rep 5","Horsetail","ST1_FEB12_cut>1_rep 5",0.734,0.2893
"st1",2012,2,"2012-02","cut>1","rep 5","Misc","ST1_FEB12_cut>1_rep 5",0.468,0.2509
"st1",2012,2,"2012-02","cut>1","rep 5","Myralt","ST1_FEB12_cut>1_rep 5",0.813,0.379
"st1",2012,2,"2012-02","elut<1","rep 5","Misc","ST1_FEB12_elut<1_rep 5",0.247,0.8679
"st1",2012,2,"2012-02","elut>1","rep 5","Misc","ST1_FEB12_elut>1_rep 5",1.062,1.1181
"st1",2012,2,"2012-02","scrub<1","rep 5","Misc","ST1_FEB12_scrub<1_rep 5",0.266,1.121
"st11L",2012,2,"2012-02","elut<1","rep 1","Misc","ST11L_FEB12_elut<1_rep 1",1.19,0.7737
"st11L",2012,2,"2012-02","scrub<1","rep 1","Misc","ST11L_FEB12_scrub<1_rep 1",0.138,0.553
"st11L",2012,2,"2012-02","elut<1","rep 2","Misc","ST11L_FEB12_elut<1_rep 2",0.133,1.049
"st11L",2012,2,"2012-02","scrub<1","rep 2","Misc","ST11L_FEB12_scrub<1_rep 2",0.125,0.579
"st11L",2012,2,"2012-02","elut<1","rep 3","Misc","ST11L_FEB12_elut<1_rep 3",0.098,0.6544
"st11L",2012,2,"2012-02","scrub<1","rep 3","Misc","St11L_FEB12_scrub<1_rep 3",0.197,1.8018
"st11L",2012,2,"2012-02","elut<1","rep 4","Misc","ST11L_FEB12_elut<1_rep 4",0.096,1.235
"st11L",2012,2,"2012-02","elut>1","rep 4","Misc","ST11L_FEB12_elut>1_rep 4",0.366,4.3991
"st11L",2012,2,"2012-02","scrub>1","rep 4","Misc","St11L_FEB12_scrub>1_rep 4",0.381,1.5167
"st11L",2012,2,"2012-02","elut<1","rep 5","Misc","ST11L_FEB12_elut<1_rep 5",0.113,1.101
"st11L",2012,2,"2012-02","scrub<1","rep 5","Misc","ST11L_FEB12_scrub<1_rep 5",0.126,0.74
"st13",2012,2,"2012-02","cut>1","rep 1","Font","ST13_FEB12_cut>1_rep 1",0.626,0.7271
"st13",2012,2,"2012-02","cut>1","rep 1","Jung","ST13_FEB12_cut>1_rep 1",0.158,0.5318
"st13",2012,2,"2012-02","cut>1","rep 1","Misc","ST13_FEB12_cut>1_rep 1",0.263,0.2616
"st13",2012,2,"2012-02","cut>1","rep 1","XXX","ST13_FEB12_cut>1_rep 1",0.18,0.4435
"st13",2012,2,"2012-02","elut<1","rep 1","Misc","ST13_FEB12_elut<1_rep 1",0.132,2.8171
"st13",2012,2,"2012-02","elut<1","rep 1","Misc","ST13_FEB12_elut<1_rep 1",0.157,2.6188
"st13",2012,2,"2012-02","scrub<1","rep 1","Misc","ST13_FEB12_scrub<1_rep 1",0.964,0.632
"st13",2012,2,"2012-02","scrub<1","rep 1","Misc","ST13_FEB12_scrub<1_rep 1",0.303,1.9292
"st13",2012,2,"2012-02","scrub>1","rep 1","Misc","ST13_FEB12_scrub>1_rep 1",0.691,0.705
"st13",2012,2,"2012-02","cut>1","rep 2","Font","ST13_FEB12_cut>1_rep 2",0.622,0.5091
"st13",2012,2,"2012-02","cut>1","rep 2","Jung","ST13_FEB12_cut>1_rep 2",0.148,0.4648
"st13",2012,2,"2012-02","cut>1","rep 2","Misc","ST13_FEB12_cut>1_rep 2",0.248,0.8577
"st13",2012,2,"2012-02","cut>1","rep 2","XXX","ST13_FEB12_cut>1_rep 2",0.173,0.9965
"st13",2012,2,"2012-02","elut<1","rep 2","Misc","ST13_FEB12_elut<1_rep 2",0.12,0.8598
"st13",2012,2,"2012-02","elut<1","rep 2","Misc","ST13_FEB12_elut<1_rep 2",0.186,2.0049
"st13",2012,2,"2012-02","elut>1","rep 2","Misc","ST13_FEB12_elut>1_rep 2",0.462,1.5221
"st13",2012,2,"2012-02","elut>1","rep 2","Misc","ST13_FEB12_elut>1_rep 2",0.298,1.5798
"st13",2012,2,"2012-02","scrub<1","rep 2","Misc","ST13_FEB12_scrub<1_rep 2",0.258,1.039
"st13",2012,2,"2012-02","scrub<1","rep 2","Misc","ST13_FEB12_scrub<1_rep 2",0.235,2.119
"st13",2012,2,"2012-02","elut<1","rep 3","Misc","ST13_FEB12_elut<1_rep 3",1.435,1.04
"st13",2012,2,"2012-02","elut<1","rep 3","Misc","ST13_FEB12_elut<1_rep 3",0.193,0.4646
"st13",2012,2,"2012-02","cut>1","rep 4","Font","ST13_FEB12_cut>1_rep 4",0.548,0.478
"st13",2012,2,"2012-02","cut>1","rep 4","Grass","ST13_FEB12_cut>1_rep 4",0.12,0.7416
"st13",2012,2,"2012-02","cut>1","rep 4","Horsetail","ST13_FEB12_cut>1_rep 4",0.253,1.0798
"st13",2012,2,"2012-02","cut>1","rep 4","Jung","ST13_FEB12_cut>1_rep 4",0.205,0.2362
"st13",2012,2,"2012-02","cut>1","rep 4","Misc","ST13_FEB12_cut>1_rep 4",0.268,0.81
"st13",2012,2,"2012-02","cut>1","rep 4","XXX","ST13_FEB12_cut>1_rep 4",0.403,1.1699
"st13",2012,2,"2012-02","cut>1","rep 4","XXX2","ST13_FEB12_cut>1_rep 4",0.47,0.653
"st13",2012,2,"2012-02","elut<1","rep 4","Misc","st13_FEB12_elut<1_rep 4",0.14,NA
"st13",2012,2,"2012-02","elut<1","rep 4","Misc","ST13_FEB12_elut<1_rep 4",0.209,2.0823
"st13",2012,2,"2012-02","cut>1","rep 5","CalHam","ST13_FEB12_cut>1_rep 5",0.165,0.3902
"st13",2012,2,"2012-02","cut>1","rep 5","Font","ST13_FEB12_cut>1_rep 5",0.527,0.3242
"st13",2012,2,"2012-02","cut>1","rep 5","Jung","ST13_FEB12_cut>1_rep 5",0.215,0.4572
"st13",2012,2,"2012-02","cut>1","rep 5","Misc","ST13_FEB12_cut>1_rep 5",0.239,0.2678
"st13",2012,2,"2012-02","elut<1","rep 5","Misc","ST13_FEB12_elut<1_rep 5",0.169,0.7496
"st13",2012,2,"2012-02","elut>1","rep 5","Misc","ST13_FEB12_elut>1_rep 5",0.562,1.0564
"st17",2012,2,"2012-02","elut<1","rep 3","Misc","ST17_FEB12_elut<1_rep 3",0.252,2.1656
"st17",2012,2,"2012-02","scrub>1","rep 3","Misc","ST17_FEB12_scrub>1_rep 3",0.75,2.1632
"st17",2012,2,"2012-02","scrub>1","rep 3","Misc","ST17_FEB12_scrub>1_rep 3",0.822,2.0812
"st17",2012,2,"2012-02","elut<1","rep 4","Misc","ST17_FEB12_elut<1_rep 4",0.25,2.054
"st17",2012,2,"2012-02","elut>1","rep 5","Misc","ST17_FEB12_elut>1_rep 5",0.322,1.5407
"st17",2012,2,"2012-02","scrub<1","rep 5","Misc","ST17_FEB12_scrub<1_rep 5",0.297,1.4262
"st17",2012,2,"2012-02","scrub>1","rep 5","Misc","ST17_FEB12_scrub>1_rep 5",0.569,2.6817
"st5",2012,2,"2012-02","elut>1","rep 1","Misc","ST5_FEB12_elut>1_rep 1",0.64,0.452
"st5",2012,2,"2012-02","scrub<1","rep 1","Misc","ST5_FEB12_scrub<1_rep 1",0.14,0.451
"st5",2012,2,"2012-02","scrub>1","rep 1","Misc","ST5_FEB12_scrub>1_rep 1",1.031,1.1818
"st5",2012,2,"2012-02","elut<1","rep 2","Misc","ST5_FEB12_elut<1_rep 2",0.132,0.6917
"st5",2012,2,"2012-02","elut>1","rep 2","Misc","ST5_FEB12_elut>1_rep 2",0.321,1.4585
"st5",2012,2,"2012-02","scrub<1","rep 2","Misc","ST5_FEB12_scrub<1_rep 2",0.201,1.5455
"st5",2012,2,"2012-02","elut<1","rep 3","Misc","ST5_FEB12_elut<1_rep 3",0.103,0.43
"st5",2012,2,"2012-02","elut>1","rep 3","Misc","ST5_FEB12_elut>1_rep 3",0.546,0.457
"st5",2012,2,"2012-02","scrub<1","rep 3","Misc","ST5_FEB12_scrub<1_rep 3",0.096,1.051
"st5",2012,2,"2012-02","elut<1","rep 4","Misc","ST5_FEB12_elut<1_rep 4",0.143,0.835
"st5",2012,2,"2012-02","elut>1","rep 4","Misc","ST5_FEB12_elut>1_rep 4",0.854,1.1473
"st5",2012,2,"2012-02","scrub<1","rep 4","Misc","ST5_FEB12_scrub<1_rep 4",0.131,1.145
"st5",2012,2,"2012-02","elut<1","rep 5","Misc","ST5_FEB12_elut<1_rep 5",0.101,1.7322
"st5",2012,2,"2012-02","scrub<1","rep 5","Misc","ST5_FEB12_scrub<1_rep 5",0.117,0.499
"st5",2012,2,"2012-02","scrub>1","rep 5","Misc","ST5_FEB12_scrub>1_rep 5",0.128,0.364
"st6",2012,2,"2012-02","elut<1","rep 1","Misc","ST6_FEB12_elut<1_rep 1",0.11,1.0336
"st6",2012,2,"2012-02","scrub<1","rep 1","Misc","ST6_FEB12_scrub<1_rep 1",0.177,2.3651
"st6",2012,2,"2012-02","elut<1","rep 2","Misc","ST6_FEB12_elut<1_rep 2",0.115,2.1999
"st6",2012,2,"2012-02","elut<1","rep 3","Misc","ST6_FEB12_elut<1_rep 3",0.08,0.5387
"st6",2012,2,"2012-02","elut<1","rep 4","Misc","ST6_FEB12_elut<1_rep 4",0.114,2.2241
"st6",2012,2,"2012-02","scrub<1","rep 4","Misc","ST6_FEB12_scrub<1_rep 4",0.174,1.1509
"st6",2012,2,"2012-02","scrub>1","rep 4","Misc","ST6_FEB12_scrub>1_rep 4",0.789,1.21
"st6",2012,2,"2012-02","elut<1","rep 5","Misc","ST6_FEB12_elut<1_rep 5",0.101,0.6849
"st6",2012,2,"2012-02","scrub<1","rep 5","Misc","ST6_FEB12_scrub<1_rep 5",0.143,2.2657
"st8",2012,2,"2012-02","cut>1","rep 8","Fila","st8_FEB12_cut>1_rep 8",0.299,NA
"st8",2012,2,"2012-02","cut>1","rep 8","Font","st8_FEB12_cut>1_rep 8",0.523,NA
"st8",2012,2,"2012-02","cut>1","rep 8","Font","st8_FEB12_cut>1_rep 8",0.322,NA
"st8",2012,2,"2012-02","cut>1","rep 8","Misc","st8_FEB12_cut>1_rep 8",0.308,NA
"st8",2012,2,"2012-02","cut>1","rep 1","Fila","ST8_FEB12_cut>1_rep 1",0.576,0.4424
"st8",2012,2,"2012-02","cut>1","rep 1","Font","ST8_FEB12_cut>1_rep 1",0.584,0.4705
"st8",2012,2,"2012-02","cut>1","rep 1","Misc","ST8_FEB12_cut>1_rep 1",0.461,0.4561
"st8",2012,2,"2012-02","elut<1","rep 1","Misc","ST8_FEB12_elut<1_rep 1",0.132,1.1116
"st8",2012,2,"2012-02","elut>1","rep 1","Misc","ST8_FEB12_elut>1_rep 1",0.365,0.315
"st8",2012,2,"2012-02","scrub<1","rep 1","Misc","ST8_FEB12_scrub<1_rep 1",0.239,0.9173
"st8",2012,2,"2012-02","scrub>1","rep 1","Misc","ST8_FEB12_scrub>1_rep 1",0.812,0.8587
"st8",2012,2,"2012-02","elut<1","rep 2","Misc","ST8_FEB12_elut<1_rep 2",0.158,0.979
"st8",2012,2,"2012-02","scrub<1","rep 2","Misc","ST8_FEB12_scrub<1_rep 2",0.172,0.358
"st8",2012,2,"2012-02","scrub>1","rep 2","Misc","ST8_FEB12_scrub>1_rep 2",0.671,0.9954
"st8",2012,2,"2012-02","cut>1","rep 3","Font","ST8_FEB12_cut>1_rep 3",0.509,0.7153
"st8",2012,2,"2012-02","cut>1","rep 3","Font","ST8_FEB12_cut>1_rep 3",0.598,0.6654
"st8",2012,2,"2012-02","cut>1","rep 3","Misc","ST8_FEB12_cut>1_rep 3",0.38,0.3564
"st8",2012,2,"2012-02","elut<1","rep 3","Misc","ST8_FEB12_elut<1_rep 3",0.179,0.7623
"st8",2012,2,"2012-02","scrub>1","rep 3","Misc","ST8_FEB12_scrub>1_rep 3",0.731,0.437
"st8",2012,2,"2012-02","cut>1","rep 4","Font","ST8_FEB12_cut>1_rep 4",0.588,0.4212
"st8",2012,2,"2012-02","cut>1","rep 4","Font","ST8_FEB12_cut>1_rep 4",0.39,0.3144
"st8",2012,2,"2012-02","cut>1","rep 4","Misc","ST8_FEB12_cut>1_rep 4",0.386,0.4237
"st8",2012,2,"2012-02","elut<1","rep 4","Misc","ST8_FEB12_elut<1_rep 4",0.235,1.0178
"st8",2012,2,"2012-02","elut>1","rep 4","Misc","ST8_FEB12_elut>1_rep 4",0.511,0.426
"st8",2012,2,"2012-02","scrub<1","rep 4","Misc","ST8_FEB12_scrub<1_rep 4",0.204,1.164
"st8",2012,2,"2012-02","scrub>1","rep 4","Misc","ST8_FEB12_scrub>1_rep 4",1.042,1.0467
"st8",2012,2,"2012-02","elut<1","rep 5","Misc","ST8_FEB12_elut<1_rep 5",0.119,0.628
"st8",2012,2,"2012-02","elut>1","rep 5","Misc","ST8_FEB12_elut>1_rep 5",0.563,0.423
"st8",2012,2,"2012-02","scrub<1","rep 5","Misc","ST8_FEB12_scrub<1_rep 5",0.118,0.353
"st8",2012,2,"2012-02","scrub>1","rep 5","Misc","ST8_FEB12_scrub>1_rep 5",0.806,0.5909
"st8",2012,2,"2012-02","cut>1","rep X","Fila","ST8_FEB12_cut>1_rep X",0.299,0.2103
"st8",2012,2,"2012-02","cut>1","rep X","Font","ST8_FEB12_cut>1_rep X",0.523,0.3594
"st8",2012,2,"2012-02","cut>1","rep X","Font","ST8_FEB12_cut>1_rep X",0.322,0.2458
"st8",2012,2,"2012-02","cut>1","rep X","Misc","ST8_FEB12_cut>1_rep X",0.308,0.7024
"hver",2012,7,"2012-07","elut<1","rep 1","Misc","Hver_JUL12_elut<1_rep 1",0.163,1.9166
"hver",2012,7,"2012-07","elut>1","rep 1","Misc","Hver_JUL12_elut>1_rep 1",0.149,1.714
"hver",2012,7,"2012-07","scrub<1","rep 1","Misc","Hver_JUL12_scrub<1_rep 1",0.203,1.3514
"hver",2012,7,"2012-07","scrub>1","rep 1","Misc","Hver_JUL12_scrub>1_rep 1",0.25,2.5501
"hver",2012,7,"2012-07","elut<1","rep 2","Misc","Hver_JUL12_elut<1_rep 2",0.156,3.5795
"hver",2012,7,"2012-07","elut>1","rep 2","Misc","Hver_JUL12_elut>1_rep 2",0.16,2.2456
"hver",2012,7,"2012-07","scrub>1","rep 2","Misc","Hver_JUL12_scrub>1_rep 2",0.135,0.708
"hver",2012,7,"2012-07","scrub>1","rep 2","Misc","Hver_JUL12_scrub>1_rep 2",0.211,3.7779
"hver",2012,7,"2012-07","scrub>1","rep 2","Misc","Hver_JUL12_scrub>1_rep 2",0.186,2.8502
"hver",2012,7,"2012-07","elut<1","rep 3","Misc","Hver_JUL12_elut<1_rep 3",0.157,2.5772
"hver",2012,7,"2012-07","elut>1","rep 3","Misc","Hver_JUL12_elut>1_rep 3",0.138,1.166
"hver",2012,7,"2012-07","scrub<1","rep 3","Misc","Hver_JUL12_scrub<1_rep 3",0.463,2.004
"hver",2012,7,"2012-07","scrub>1","rep 3","Misc","Hver_JUL12_scrub>1_rep 3",0.143,1.761
"hver",2012,7,"2012-07","elut<1","rep 4","Misc","Hver_JUL12_elut<1_rep 4",0.164,2.5027
"hver",2012,7,"2012-07","elut>1","rep 4","Misc","Hver_JUL12_elut>1_rep 4",0.332,2.3614
"hver",2012,7,"2012-07","scrub<1","rep 4","Misc","Hver_JUL12_scrub<1_rep 4",0.161,3.7887
"hver",2012,7,"2012-07","scrub>1","rep 4","Misc","Hver_JUL12_scrub>1_rep 4",0.145,3.7661
"hver",2012,7,"2012-07","elut<1","rep 5","Misc","Hver_JUL12_elut<1_rep 5",0.158,1.052
"hver",2012,7,"2012-07","elut<1","rep 5","Misc","Hver_JUL12_elut<1_rep 5",0.128,2.1933
"hver",2012,7,"2012-07","scrub<1","rep 5","Misc","Hver_JUL12_scrub<1_rep 5",0.128,0.555
"hver",2012,7,"2012-07","scrub>1","rep 5","Misc","Hver_JUL12_scrub>1_rep 5",0.257,2.4071
"st1",2012,7,"2012-07","elut<1","rep 1","Misc","ST1_JUL12_elut<1_rep 1",0.314,0.5666
"st1",2012,7,"2012-07","elut>1","rep 1","Misc","ST1_JUL12_elut>1_rep 1",0.736,1.12
"st1",2012,7,"2012-07","scrub>1","rep 1","Misc","ST1_JUL12_scrub>1_rep 1",0.614,0.238
"st1",2012,7,"2012-07","cut>1","rep 2","Font","ST1_JUL12_cut>1_rep 2",0.436,0.2244
"st1",2012,7,"2012-07","elut<1","rep 2","Misc","ST1_JUL12_elut<1_rep 2",0.282,0.6899
"st1",2012,7,"2012-07","elut>1","rep 2","Misc","ST1_JUL12_elut>1_rep 2",0.45,0.514
"st1",2012,7,"2012-07","scrub>1","rep 2","Misc","ST1_JUL12_scrub>1_rep 2",0.733,1.4983
"st1",2012,7,"2012-07","cut>1","rep 3","Font","ST1_JUL12_cut>1_rep 3",0.377,0.2848
"st1",2012,7,"2012-07","cut>1","rep 3","Font","ST1_JUL12_cut>1_rep 3",0.388,0.1808
"st1",2012,7,"2012-07","cut>1","rep 3","Grass","ST1_JUL12_cut>1_rep 3",0.153,0.62228
"st1",2012,7,"2012-07","cut>1","rep 3","Horsetail","ST1_JUL12_cut>1_rep 3",0.245,0.4908
"st1",2012,7,"2012-07","cut>1","rep 3","Misc","ST1_JUL12_cut>1_rep 3",0.309,0.4959
"st1",2012,7,"2012-07","cut>1","rep 3","XXX","ST1_JUL12_cut>1_rep 3",0.268,1.2916
"st1",2012,7,"2012-07","cut>1","rep 3","XXX2","ST1_JUL12_cut>1_rep 3",0.144,0.7766
"st1",2012,7,"2012-07","elut<1","rep 3","Misc","ST1_JUL12_elut<1_rep 3",0.199,0.5243
"st1",2012,7,"2012-07","elut>1","rep 3","Misc","ST1_JUL12_elut>1_rep 3",0.28,2.2908
"st1",2012,7,"2012-07","scrub<1","rep 3","Misc","ST1_JUL12_scrub<1_rep 3",0.268,0.922
"st1",2012,7,"2012-07","cut>1","rep 4","Font","ST1_JUL12_cut>1_rep 4",0.421,0.4755
"st1",2012,7,"2012-07","cut>1","rep 4","Grass","ST1_JUL12_cut>1_rep 4",0.178,0.2744
"st1",2012,7,"2012-07","cut>1","rep 4","Horsetail","ST1_JUL12_cut>1_rep 4",0.36,0.5466
"st1",2012,7,"2012-07","elut<1","rep 4","Misc","ST1_JUL12_elut<1_rep 4",0.33,0.623
"st1",2012,7,"2012-07","elut>1","rep 4","Misc","ST1_JUL12_elut>1_rep 4",0.393,0.779
"st1",2012,7,"2012-07","scrub<1","rep 4","Misc","ST1_JUL12_scrub<1_rep 4",0.228,0.833
"st1",2012,7,"2012-07","scrub>1","rep 4","Misc","ST1_JUL12_scrub>1_rep 4",0.3,0.46
"st1",2012,7,"2012-07","cut>1","rep 5","CalSta","ST1_JUL12_cut>1_rep 5",0.291,0.4448
"st1",2012,7,"2012-07","cut>1","rep 5","Font","ST1_JUL12_cut>1_rep 5",0.35,0.2308
"st1",2012,7,"2012-07","cut>1","rep 5","Horsetail","ST1_JUL12_cut>1_rep 5",0.447,0.4492
"st1",2012,7,"2012-07","cut>1","rep 5","Misc","ST1_JUL12_cut>1_rep 5",0.357,0.428
"st1",2012,7,"2012-07","cut>1","rep 5","Nos","ST1_JUL12_cut>1_rep 5",0.151,0.3936
"st1",2012,7,"2012-07","elut<1","rep 5","Misc","ST1_JUL12_elut<1_rep 5",0.292,0.524
"st1",2012,7,"2012-07","elut>1","rep 5","Misc","ST1_JUL12_elut>1_rep 5",0.516,0.474
"st1",2012,7,"2012-07","scrub<1","rep 5","Misc","ST1_JUL12_scrub<1_rep 5",0.349,0.5205
"st1",2012,7,"2012-07","scrub>1","rep 5","Misc","ST1_JUL12_scrub>1_rep 5",0.25,2.8155
"st11L",2012,7,"2012-07","scrub<1","rep 1","Misc","ST11D_JUL12_scrub<1_rep 1",1.347,0.25684
"st11L",2012,7,"2012-07","scrub>1","rep 1","Misc","ST11D_JUL12_scrub>1_rep 1",0.641,1.1459
"st11L",2012,7,"2012-07","scrub>1","rep 3","Misc","ST11D_JUL12_scrub>1_rep 3",0.252,1.3494
"st11L",2012,7,"2012-07","elut<1","rep 4","Misc","ST11D_JUL12_elut<1_rep 4",0.169,1.5934
"st11L",2012,7,"2012-07","elut>1","rep 4","Misc","ST11D_JUL12_elut>1_rep 4",0.422,0.7724
"st11L",2012,7,"2012-07","scrub<1","rep 4","Misc","ST11D_JUL12_scrub<1_rep 4",0.148,1.0241
"st11L",2012,7,"2012-07","scrub>1","rep 4","Misc","ST11D_JUL12_scrub>1_rep 4",0.319,1.0277
"st11L",2012,7,"2012-07","elut<1","rep 1","Misc","ST11L_JUL12_elut<1_rep 1",0.116,0.7826
"st11L",2012,7,"2012-07","elut<1","rep 2","Misc","ST11L_JUL12_elut<1_rep 2",0.122,0.5992
"st11L",2012,7,"2012-07","elut<1","rep 3","Misc","ST11L_JUL12_elut<1_rep 3",0.123,0.8041
"st11L",2012,7,"2012-07","elut<1","rep 5","Misc","ST11L_JUL12_elut<1_rep 5",0.128,0.814
"st11U",2012,7,"2012-07","elut<1","rep 1","Misc","ST11U_JUL12_elut<1_rep 1",0.138,2.1307
"st11U",2012,7,"2012-07","elut>1","rep 1","Misc","ST11U_JUL12_elut>1_rep 1",0.218,2.6538
"st11U",2012,7,"2012-07","scrub<1","rep 1","Misc","ST11U_JUL12_scrub<1_rep 1",0.175,1.0691
"st11U",2012,7,"2012-07","scrub>1","rep 1","Misc","ST11U_JUL12_scrub>1_rep 1",0.155,2.2347
"st11U",2012,7,"2012-07","elut<1","rep 2","Misc","ST11U_JUL12_elut<1_rep 2",0.17,3.3087
"st11U",2012,7,"2012-07","scrub<1","rep 2","Misc","ST11U_JUL12_scrub<1_rep 2",0.151,2.4593
"st11U",2012,7,"2012-07","scrub>1","rep 2","Misc","ST11U_JUL12_scrub>1_rep 2",0.185,3.2822
"st11U",2012,7,"2012-07","elut<1","rep 3","Misc","ST11U_JUL12_elut<1_rep 3",0.108,2.5696
"st11U",2012,7,"2012-07","elut>1","rep 3","Misc","ST11U_JUL12_elut>1_rep 3",0.185,2.2263
"st11U",2012,7,"2012-07","scrub<1","rep 3","Misc","ST11U_JUL12_scrub<1_rep 3",0.191,1.9801
"st11U",2012,7,"2012-07","scrub>1","rep 3","Misc","ST11U_JUL12_scrub>1_rep 3",0.34,0.9491
"st11U",2012,7,"2012-07","elut<1","rep 4","Misc","ST11U_JUL12_elut<1_rep 4",0.14,1.7976
"st11U",2012,7,"2012-07","scrub<1","rep 4","Misc","ST11U_JUL12_scrub<1_rep 4",0.208,0.7859
"st11U",2012,7,"2012-07","scrub>1","rep 4","Misc","ST11U_JUL12_scrub>1_rep 4",0.289,1.5958
"st11U",2012,7,"2012-07","elut<1","rep 5","Misc","ST11U_JUL12_elut<1_rep 5",0.159,1.8788
"st11U",2012,7,"2012-07","elut>1","rep 5","Misc","ST11U_JUL12_elut>1_rep 5",0.161,1.6977
"st11U",2012,7,"2012-07","scrub<1","rep 5","Misc","ST11U_JUL12_scrub<1_rep 5",0.145,1.0094
"st11U",2012,7,"2012-07","scrub>1","rep 5","Misc","ST11U_JUL12_scrub>1_rep 5",0.214,2.0158
"st13",2012,7,"2012-07","elut<1","rep 1","Misc","ST13_JUL12_elut<1_rep 1",0.235,0.4785
"st13",2012,7,"2012-07","elut>1","rep 1","Misc","ST13_JUL12_elut>1_rep 1",0.382,0.7122
"st13",2012,7,"2012-07","scrub>1","rep 1","Misc","ST13_JUL12_scrub>1_rep 1",0.267,0.506
"st13",2012,7,"2012-07","cut>1","rep 2","CalHam","ST13_JUL12_cut>1_rep 2",0.138,0.4209
"st13",2012,7,"2012-07","cut>1","rep 2","Font","ST13_JUL12_cut>1_rep 2",0.23,0.4027
"st13",2012,7,"2012-07","cut>1","rep 2","Jung","ST13_JUL12_cut>1_rep 2",0.146,0.2364
"st13",2012,7,"2012-07","cut>1","rep 2","Misc","ST13_JUL12_cut>1_rep 2",0.181,0.469
"st13",2012,7,"2012-07","elut<1","rep 2","Misc","ST13_JUL12_elut<1_rep 2",0.226,0.6258
"st13",2012,7,"2012-07","elut>1","rep 2","Misc","ST13_JUL12_elut>1_rep 2",0.287,0.681
"st13",2012,7,"2012-07","cut>1","rep 3","CalHam","ST13_JUL12_cut>1_rep 3",0.156,0.3755
"st13",2012,7,"2012-07","cut>1","rep 3","Font","ST13_JUL12_cut>1_rep 3",0.215,0.2499
"st13",2012,7,"2012-07","cut>1","rep 3","Jung","ST13_JUL12_cut>1_rep 3",0.179,0.3649
"st13",2012,7,"2012-07","cut>1","rep 3","Misc","ST13_JUL12_cut>1_rep 3",0.251,0.4758
"st13",2012,7,"2012-07","elut<1","rep 3","Misc","ST13_JUL12_elut<1_rep 3",0.345,0.6112
"st13",2012,7,"2012-07","elut>1","rep 3","Misc","ST13_JUL12_elut>1_rep 3",0.394,1.7699
"st13",2012,7,"2012-07","cut>1","rep 4","Fila","ST13_JUL12_cut>1_rep 4",0.316,0.2635
"st13",2012,7,"2012-07","cut>1","rep 4","Horsetail","ST13_JUL12_cut>1_rep 4",1.016,0.2009
"st13",2012,7,"2012-07","cut>1","rep 4","Horsetail","ST13_JUL12_cut>1_rep 4",1.009,0.3248
"st13",2012,7,"2012-07","cut>1","rep 4","Jung","ST13_JUL12_cut>1_rep 4",0.26,0.2876
"st13",2012,7,"2012-07","cut>1","rep 4","Misc","ST13_JUL12_cut>1_rep 4",0.36,0.2369
"st13",2012,7,"2012-07","elut<1","rep 4","Misc","ST13_JUL12_elut<1_rep 4",0.282,1.683
"st13",2012,7,"2012-07","elut>1","rep 4","Misc","ST13_JUL12_elut>1_rep 4",0.247,3.3085
"st13",2012,7,"2012-07","scrub<1","rep 4","Misc","ST13_JUL12_scrub<1_rep 4",0.333,0.9737
"st13",2012,7,"2012-07","scrub>1","rep 4","Misc","ST13_JUL12_scrub>1_rep 4",0.318,1.1509
"st13",2012,7,"2012-07","elut<1","rep 5","Misc","ST13_JUL12_elut<1_rep 5",0.189,2.2886
"st13",2012,7,"2012-07","elut<1","rep 5","Misc","ST13_JUL12_elut<1_rep 5",0.252,1.566
"st13",2012,7,"2012-07","scrub>1","rep 5","Misc","ST13_JUL12_scrub>1_rep 5",0.324,1.9896
"st14",2012,7,"2012-07","elut<1","rep 1","Misc","st14_JUL12_elut<1_rep 1",0.372,NA
"st14",2012,7,"2012-07","elut<1","rep 1","Misc","ST14_JUL12_elut<1_rep 1",0.175,0.8505
"st14",2012,7,"2012-07","scrub<1","rep 1","Misc","ST14_JUL12_scrub<1_rep 1",0.251,1.273
"st14",2012,7,"2012-07","scrub>1","rep 1","Misc","ST14_JUL12_scrub>1_rep 1",0.272,1.9968
"st14",2012,7,"2012-07","elut<1","rep 2","Misc","ST14_JUL12_elut<1_rep 2",0.156,0.6489
"st14",2012,7,"2012-07","scrub>1","rep 2","Misc","ST14_JUL12_scrub>1_rep 2",0.286,0.813
"st14",2012,7,"2012-07","elut<1","rep 3","Misc","ST14_JUL12_elut<1_rep 3",0.179,0.6122
"st14",2012,7,"2012-07","elut>1","rep 3","Misc","ST14_JUL12_elut>1_rep 3",0.225,0.985
"st14",2012,7,"2012-07","scrub<1","rep 3","Misc","ST14_JUL12_scrub<1_rep 3",0.287,0.7866
"st14",2012,7,"2012-07","scrub>1","rep 3","Misc","ST14_JUL12_scrub>1_rep 3",0.349,1.303
"st14",2012,7,"2012-07","elut<1","rep 4","Misc","ST14_JUL12_elut<1_rep 4",0.153,0.725
"st14",2012,7,"2012-07","elut>1","rep 4","Misc","ST14_JUL12_elut>1_rep 4",0.066,1.944
"st14",2012,7,"2012-07","scrub<1","rep 4","Misc","ST14_JUL12_scrub<1_rep 4",0.163,0.66
"st14",2012,7,"2012-07","scrub>1","rep 4","Misc","ST14_JUL12_scrub>1_rep 4",0.157,1.01
"st14",2012,7,"2012-07","elut<1","rep 5","Misc","ST14_JUL12_elut<1_rep 5",0.202,0.616
"st14",2012,7,"2012-07","elut>1","rep 5","Misc","ST14_JUL12_elut>1_rep 5",0.223,1.312
"st14",2012,7,"2012-07","scrub<1","rep 5","Misc","ST14_JUL12_scrub<1_rep 5",0.182,2.727
"st14",2012,7,"2012-07","scrub>1","rep 5","Misc","ST14_JUL12_scrub>1_rep 5",0.261,1.861
"st17",2012,7,"2012-07","elut<1","rep 1","Misc","ST17_JUL12_elut<1_rep 1",0.372,0.771
"st17",2012,7,"2012-07","elut<1","rep 1","Misc","ST17_JUL12_elut<1_rep 1",0.36,1.7405
"st17",2012,7,"2012-07","scrub>1","rep 1","Misc","ST17_JUL12_scrub>1_rep 1",0.295,0.959
"st17",2012,7,"2012-07","elut<1","rep 2","Misc","ST17_JUL12_elut<1_rep 2",0.311,2.4285
"st17",2012,7,"2012-07","scrub>1","rep 2","Misc","ST17_JUL12_scrub>1_rep 2",1.481,1.022
"st17",2012,7,"2012-07","scrub>1","rep 2","Misc","ST17_JUL12_scrub>1_rep 2",0.795,1.8578
"st17",2012,7,"2012-07","elut<1","rep 3","Misc","ST17_JUL12_elut<1_rep 3",0.327,2.4759
"st17",2012,7,"2012-07","elut>1","rep 3","Misc","ST17_JUL12_elut>1_rep 3",0.435,1.5634
"st17",2012,7,"2012-07","scrub<1","rep 3","Misc","ST17_JUL12_scrub<1_rep 3",0.28,1.092
"st17",2012,7,"2012-07","scrub>1","rep 3","Misc","ST17_JUL12_scrub>1_rep 3",0.442,0.595
"st17",2012,7,"2012-07","elut<1","rep 4","Misc","ST17_JUL12_elut<1_rep 4",0.333,1.238
"st17",2012,7,"2012-07","elut>1","rep 4","Misc","ST17_JUL12_elut>1_rep 4",0.331,1.112
"st17",2012,7,"2012-07","scrub<1","rep 4","Misc","ST17_JUL12_scrub<1_rep 4",0.193,0.523
"st17",2012,7,"2012-07","scrub>1","rep 4","Misc","ST17_JUL12_scrub>1_rep 4",0.398,1.4857
"st17",2012,7,"2012-07","elut<1","rep 5","Misc","ST17_JUL12_elut<1_rep 5",0.29,2.7099
"st17",2012,7,"2012-07","scrub<1","rep 5","Misc","ST17_JUL12_scrub<1_rep 5",0.126,0.334
"st5",2012,7,"2012-07","scrub<1","rep 2","Misc","ST4_JUL12_scrub<1_rep 2",0.257,1.3684
"st5",2012,7,"2012-07","cut>1","rep  ","Font","st5_JUL12_cut>1_rep  ",3.632,NA
"st5",2012,7,"2012-07","cut>1","rep  ","Font","st5_JUL12_cut>1_rep  ",0.656,NA
"st5",2012,7,"2012-07","cut>1","rep  ","Misc","st5_JUL12_cut>1_rep  ",0.264,NA
"st5",2012,7,"2012-07","cut>1","rep  ","Nos","st5_JUL12_cut>1_rep  ",0.234,NA
"st5",2012,7,"2012-07","elut<1","rep 1","Misc","ST5_JUL12_elut<1_rep 1",0.175,0.539
"st5",2012,7,"2012-07","elut>1","rep 1","Misc","ST5_JUL12_elut>1_rep 1",0.27,0.544
"st5",2012,7,"2012-07","scrub<1","rep 1","Misc","ST5_JUL12_scrub<1_rep 1",0.148,1.5233
"st5",2012,7,"2012-07","scrub>1","rep 1","Misc","ST5_JUL12_scrub>1_rep 1",0.484,0.3604
"st5",2012,7,"2012-07","cut>1","rep 2","Fila","ST5_JUL12_cut>1_rep 2",0.586,0.1708
"st5",2012,7,"2012-07","cut>1","rep 2","Font","ST5_JUL12_cut>1_rep 2",0.422,0.2556
"st5",2012,7,"2012-07","cut>1","rep 2","Font","ST5_JUL12_cut>1_rep 2",0.677,0.2405
"st5",2012,7,"2012-07","cut>1","rep 2","Misc","ST5_JUL12_cut>1_rep 2",0.445,0.4171
"st5",2012,7,"2012-07","elut<1","rep 2","Misc","ST5_JUL12_elut<1_rep 2",0.196,0.534
"st5",2012,7,"2012-07","elut>1","rep 2","Misc","ST5_JUL12_elut>1_rep 2",0.666,0.418
"st5",2012,7,"2012-07","scrub>1","rep 2","Misc","ST5_JUL12_scrub>1_rep 2",0.441,0.557
"st5",2012,7,"2012-07","cut>1","rep 3","Fila","ST5_JUL12_cut>1_rep 3",0.413,0.2581
"st5",2012,7,"2012-07","cut>1","rep 3","Font","ST5_JUL12_cut>1_rep 3",0.558,0.3353
"st5",2012,7,"2012-07","elut<1","rep 3","Misc","ST5_JUL12_elut<1_rep 3",0.198,0.447
"st5",2012,7,"2012-07","elut>1","rep 3","Misc","ST5_JUL12_elut>1_rep 3",0.543,1.2375
"st5",2012,7,"2012-07","scrub<1","rep 3","Misc","ST5_JUL12_scrub<1_rep 3",0.32,0.927
"st5",2012,7,"2012-07","scrub>1","rep 3","Misc","ST5_JUL12_scrub>1_rep 3",0.292,1.607
"st5",2012,7,"2012-07","cut>1","rep 4","Fila","ST5_JUL12_cut>1_rep 4",0.483,0.4419
"st5",2012,7,"2012-07","cut>1","rep 4","Font","ST5_JUL12_cut>1_rep 4",0.603,0.198
"st5",2012,7,"2012-07","cut>1","rep 4","Font","ST5_JUL12_cut>1_rep 4",0.645,0.2565
"st5",2012,7,"2012-07","cut>1","rep 4","Misc","ST5_JUL12_cut>1_rep 4",0.431,0.4058
"st5",2012,7,"2012-07","cut>1","rep 4","Misc","ST5_JUL12_cut>1_rep 4",0.386,0.2314
"st5",2012,7,"2012-07","elut<1","rep 4","Misc","ST5_JUL12_elut<1_rep 4",0.142,0.399
"st5",2012,7,"2012-07","elut>1","rep 4","Misc","ST5_JUL12_elut>1_rep 4",0.19,2.3087
"st5",2012,7,"2012-07","scrub<1","rep 4","Misc","ST5_JUL12_scrub<1_rep 4",0.189,2.3591
"st5",2012,7,"2012-07","scrub>1","rep 4","Misc","ST5_JUL12_scrub>1_rep 4",0.728,1.5985
"st5",2012,7,"2012-07","cut>1","rep 5","Fila","ST5_JUL12_cut>1_rep 5",0.42,0.4161
"st5",2012,7,"2012-07","cut>1","rep 5","Fila","ST5_JUL12_cut>1_rep 5",0.294,0.2562
"st5",2012,7,"2012-07","cut>1","rep 5","Font","ST5_JUL12_cut>1_rep 5",0.475,0.3401
"st5",2012,7,"2012-07","cut>1","rep 5","Font","ST5_JUL12_cut>1_rep 5",0.601,0.3481
"st5",2012,7,"2012-07","cut>1","rep 5","Nos","ST5_JUL12_cut>1_rep 5",0.175,0.2962
"st5",2012,7,"2012-07","elut<1","rep 5","Misc","ST5_JUL12_elut<1_rep 5",0.17,0.495
"st5",2012,7,"2012-07","elut>1","rep 5","Misc","ST5_JUL12_elut>1_rep 5",0.102,0.718
"st5",2012,7,"2012-07","scrub<1","rep 5","Misc","ST5_JUL12_scrub<1_rep 5",0.2,0.192
"st5",2012,7,"2012-07","scrub>1","rep 5","Misc","ST5_JUL12_scrub>1_rep 5",0.401,1.4624
"st5",2012,7,"2012-07","scrub>1","rep 5","Misc","ST5_JUL12_scrub>1_rep 5",0.439,0.911
"st5",2012,7,"2012-07","cut>1","rep X","Fila","ST5_JUL12_cut>1_rep X",0.355,0.4133
"st5",2012,7,"2012-07","cut>1","rep X","Font","ST5_JUL12_cut>1_rep X",0.656,0.1907
"st5",2012,7,"2012-07","cut>1","rep X","Font","ST5_JUL12_cut>1_rep X",3.632,0.3514
"st5",2012,7,"2012-07","cut>1","rep X","Misc","St5_JUL12_cut>1_rep X",0.264,0.3538
"st5",2012,7,"2012-07","cut>1","rep X","Nos","ST5_JUL12_cut>1_rep X",0.234,0.4622
"st6",2012,7,"2012-07","elut<1","rep 1","Misc","St6_JUL12_elut<1_rep 1",0.126,2.2696
"st6",2012,7,"2012-07","elut>1","rep 1","Misc","ST6_JUL12_elut>1_rep 1",0.619,1.2321
"st6",2012,7,"2012-07","scrub<1","rep 1","Misc","ST6_JUL12_scrub<1_rep 1",0.292,0.9645
"st6",2012,7,"2012-07","scrub>1","rep 1","Misc","ST6_JUL12_scrub>1_rep 1",0.497,1.236
"st6",2012,7,"2012-07","elut<1","rep 2","Misc","ST6_JUL12_elut<1_rep 2",0.156,1.3192
"st6",2012,7,"2012-07","elut>1","rep 2","Misc","ST6_JUL12_elut>1_rep 2",0.491,2.0171
"st6",2012,7,"2012-07","scrub<1","rep 2","Misc","ST6_JUL12_scrub<1_rep 2",0.138,0.559
"st6",2012,7,"2012-07","scrub>1","rep 2","Misc","ST6_JUL12_scrub>1_rep 2",0.314,3.346
"st6",2012,7,"2012-07","elut<1","rep 3","Misc","ST6_JUL12_elut<1_rep 3",0.205,1.1784
"st6",2012,7,"2012-07","scrub<1","rep 3","Misc","ST6_JUL12_scrub<1_rep 3",0.133,0.517
"st6",2012,7,"2012-07","scrub>1","rep 3","Misc","ST6_JUL12_scrub>1_rep 3",0.936,0.6737
"st6",2012,7,"2012-07","cut>1","rep 4","Fila","ST6_JUL12_cut>1_rep 4",0.484,0.301
"st6",2012,7,"2012-07","cut>1","rep 4","Fila","ST6_JUL12_cut>1_rep 4",0.293,0.2374
"st6",2012,7,"2012-07","cut>1","rep 4","Font","ST6_JUL12_cut>1_rep 4",0.669,0.1918
"st6",2012,7,"2012-07","cut>1","rep 4","Misc","ST6_JUL12_cut>1_rep 4",0.383,0.2629
"st6",2012,7,"2012-07","cut>1","rep 4","Nos","ST6_JUL12_cut>1_rep 4",0.339,0.3694
"st6",2012,7,"2012-07","elut<1","rep 4","Misc","ST6_JUL12_elut<1_rep 4",0.145,1.2337
"st6",2012,7,"2012-07","scrub>1","rep 4","Misc","ST6_JUL12_scrub>1_rep 4",0.569,1.5193
"st6",2012,7,"2012-07","elut<1","rep 5","Misc","ST6_JUL12_elut<1_rep 5",0.16,0.8148
"st6",2012,7,"2012-07","elut>1","rep 5","Misc","ST6_JUL12_elut>1_rep 5",0.25,1.507
"st6",2012,7,"2012-07","scrub<1","rep 5","Misc","ST6_JUL12_scrub<1_rep 5",0.151,1.245
"st6",2012,7,"2012-07","scrub>1","rep 5","Misc","ST6_JUL12_scrub>1_rep 5",0.389,3.9858
"st8",2012,7,"2012-07","elut<1","rep 1","Misc","ST8_JUL12_elut<1_rep 1",0.156,0.8773
"st8",2012,7,"2012-07","elut>1","rep 1","Misc","ST8_JUL12_elut>1_rep 1",0.437,0.6508
"st8",2012,7,"2012-07","scrub<1","rep 1","Misc","ST8_JUL12_scrub<1_rep 1",0.115,1.214
"st8",2012,7,"2012-07","scrub>1","rep 1","Misc","ST8_JUL12_scrub>1_rep 1",0.503,2.6406
"st8",2012,7,"2012-07","cut>1","rep 2","Fila","ST8_JUL12_cut>1_rep 2",0.364,0.2776
"st8",2012,7,"2012-07","cut>1","rep 2","Font","ST8_JUL12_cut>1_rep 2",0.441,0.2168
"st8",2012,7,"2012-07","cut>1","rep 2","Grass","ST8_JUL12_cut>1_rep 2",0.115,0.2992
"st8",2012,7,"2012-07","elut<1","rep 2","Misc","ST8_JUL12_elut<1_rep 2",0.209,0.7063
"st8",2012,7,"2012-07","elut>1","rep 2","Misc","ST8_JUL12_elut>1_rep 2",0.335,2.2377
"st8",2012,7,"2012-07","scrub<1","rep 2","Misc","ST8_JUL12_scrub<1_rep 2",0.169,1.344
"st8",2012,7,"2012-07","elut<1","rep 3","Misc","ST8_JUL12_elut<1_rep 3",0.19,0.4588
"st8",2012,7,"2012-07","elut>1","rep 3","Misc","ST8_JUL12_elut>1_rep 3",0.685,1.7517
"st8",2012,7,"2012-07","scrub>1","rep 3","Misc","ST8_JUL12_scrub>1_rep 3",0.707,0.9463
"st8",2012,7,"2012-07","cut>1","rep 4","Fila","ST8_JUL12_cut>1_rep 4",0.384,0.2536
"st8",2012,7,"2012-07","cut>1","rep 4","Font","ST8_JUL12_cut>1_rep 4",0.336,0.369
"st8",2012,7,"2012-07","elut<1","rep 4","Misc","ST8_JUL12_elut<1_rep 4",0.197,0.418
"st8",2012,7,"2012-07","elut>1","rep 4","Misc","ST8_JUL12_elut>1_rep 4",0.594,1.5975
"st8",2012,7,"2012-07","scrub>1","rep 4","Misc","ST8_JUL12_scrub>1_rep 4",0.477,0.792
"st8",2012,7,"2012-07","cut>1","rep 5","Fila","ST8_JUL12_cut>1_rep 5",0.387,0.5273
"st8",2012,7,"2012-07","cut>1","rep 5","Font","ST8_JUL12_cut>1_rep 5",0.434,0.4726
"st8",2012,7,"2012-07","cut>1","rep 5","Font","ST8_JUL12_cut>1_rep 5",0.273,0.3539
"st8",2012,7,"2012-07","elut<1","rep 5","Misc","St8_JUL12_elut<1_rep 5",0.172,0.7018
"st8",2012,7,"2012-07","elut>1","rep 5","Misc","ST8_JUL12_elut>1_rep 5",0.562,1.6106
"st8",2012,7,"2012-07","scrub<1","rep 5","Misc","ST8_JUL12_scrub<1_rep 5",0.412,0.6539
"st8",2012,7,"2012-07","scrub>1","rep 5","Misc","ST8_JUL12_scrub>1_rep 5",0.602,0.806
"st9",2012,7,"2012-07","cut>1","rep 1","Fila","ST9_JUL12_cut>1_rep 1",0.243,0.4996
"st9",2012,7,"2012-07","cut>1","rep 1","Font","ST9_JUL12_cut>1_rep 1",0.215,1.0443
"st9",2012,7,"2012-07","cut>1","rep 1","Grass","ST9_JUL12_cut>1_rep 1",0.118,0.4537
"st9",2012,7,"2012-07","cut>1","rep 1","Jung","ST9_JUL12_cut>1_rep 1",0.159,0.2892
"st9",2012,7,"2012-07","elut<1","rep 1","Misc","ST9_JUL12_elut<1_rep 1",0.28,0.7606
"st9",2012,7,"2012-07","elut>1","rep 1","Misc","ST9_JUL12_elut>1_rep 1",0.403,0.8128
"st9",2012,7,"2012-07","scrub>1","rep 1","Misc","ST9_JUL12_scrub>1_rep 1",0.698,1.7821
"st9",2012,7,"2012-07","cut>1","rep 2","Fila","ST9_JUL12_cut>1_rep 2",0.228,0.2382
"st9",2012,7,"2012-07","cut>1","rep 2","Font","ST9_JUL12_cut>1_rep 2",0.281,0.3761
"st9",2012,7,"2012-07","cut>1","rep 2","Font","ST9_JUL12_cut>1_rep 2",0.256,0.6327
"st9",2012,7,"2012-07","cut>1","rep 2","Horsetail","ST9_JUL12_cut>1_rep 2",0.337,0.6308
"st9",2012,7,"2012-07","cut>1","rep 2","Jung","ST9_JUL12_cut>1_rep 2",0.124,0.1855
"st9",2012,7,"2012-07","cut>1","rep 2","Misc","ST9_JUL12_cut>1_rep 2",0.194,0.8024
"st9",2012,7,"2012-07","cut>1","rep 2","Nos","ST9_JUL12_cut>1_rep 2",0.173,0.3696
"st9",2012,7,"2012-07","elut<1","rep 2","Misc","ST9_JUL12_elut<1_rep 2",0.588,0.6719
"st9",2012,7,"2012-07","elut>1","rep 2","Misc","ST9_JUL12_elut>1_rep 2",0.361,2.0179
"st9",2012,7,"2012-07","scrub<1","rep 2","Misc","St9_JUL12_scrub<1_rep 2",0.271,1.5134
"st9",2012,7,"2012-07","cut>1","rep 3","Fila","ST9_JUL12_cut>1_rep 3",0.196,0.812
"st9",2012,7,"2012-07","cut>1","rep 3","Font","ST9_JUL12_cut>1_rep 3",0.267,0.6194
"st9",2012,7,"2012-07","cut>1","rep 3","Grass","ST9_JUL12_cut>1_rep 3",0.197,0.2517
"st9",2012,7,"2012-07","cut>1","rep 3","Jung","ST9_JUL12_cut>1_rep 3",0.404,0.3994
"st9",2012,7,"2012-07","cut>1","rep 3","Jung","ST9_JUL12_cut>1_rep 3",0.236,1.0233
"st9",2012,7,"2012-07","cut>1","rep 3","Misc","ST9_JUL12_cut>1_rep 3",0.158,0.8546
"st9",2012,7,"2012-07","elut<1","rep 3","Misc","ST9_JUL12_elut<1_rep 3",0.162,1.1027
"st9",2012,7,"2012-07","scrub<1","rep 3","Misc","ST9_JUL12_scrub<1_rep 3",1.186,0.6189
"st9",2012,7,"2012-07","scrub>1","rep 3","Misc","ST9_JUL12_scrub>1_rep 3",0.514,0.916
"st9",2012,7,"2012-07","elut<1","rep 4","Misc","ST9_JUL12_elut<1_rep 4",0.148,1.0421
"st9",2012,7,"2012-07","elut>1","rep 4","Misc","ST9_JUL12_elut>1_rep 4",0.547,0.7864
"st9",2012,7,"2012-07","scrub<1","rep 4","Misc","ST9_JUL12_scrub<1_rep 4",0.332,0.4502
"st9",2012,7,"2012-07","scrub>1","rep 4","Misc","ST9_JUL12_scrub>1_rep 4",0.441,0.5407
"st9",2012,7,"2012-07","cut>1","rep 5","Fila","ST9_JUL12_cut>1_rep 5",0.193,0.3416
"st9",2012,7,"2012-07","cut>1","rep 5","Font","ST9_JUL12_cut>1_rep 5",0.233,0.4251
"st9",2012,7,"2012-07","cut>1","rep 5","Misc","ST9_JUL12_cut>1_rep 5",0.246,0.3706
"st9",2012,7,"2012-07","elut<1","rep 5","Misc","ST9_JUL12_elut<1_rep 5",0.251,2.16
"st9",2012,7,"2012-07","elut>1","rep 5","Misc","ST9_JUL12_elut>1_rep 5",0.636,0.169
"st9",2012,7,"2012-07","scrub<1","rep 5","Misc","ST9_JUL12_scrub<1_rep 5",0.184,0.762
"st9",2012,7,"2012-07","scrub>1","rep 5","Misc","ST9_JUL12_scrub>1_rep 5",0.824,1.003
"st8",2012,7,"2012-07","cut>1","rep 3","Font","ST8_JUL12_cut>1_rep 3",0.721,0.8958
"st8",2012,7,"2012-07","cut>1","rep 3","Fila","ST8_JUL12_cut>1_rep 3",0.677,0.8415
"st8",2012,7,"2012-07","cut>1","rep 3","Font","ST8_JUL12_cut>1_rep 3",0.667,0.3712
"st9",2012,7,"2012-07","cut>1","rep 4","Font","ST9_JUL12_cut>1_rep 4",1.083,0.7336
"st9",2012,7,"2012-07","cut>1","rep 4","Fila","ST9_JUL12_cut>1_rep 4",0.367,0.8073
"st9",2012,7,"2012-07","cut>1","rep 4","Jung","ST9_JUL12_cut>1_rep 4",0.742,0.4433
"st9",2012,7,"2012-07","cut>1","rep 4","Grass","ST9_JUL12_cut>1_rep 4",0.667,0.4874
"st8",2012,7,"2012-07","cut>1","rep 4","Grass","ST8_JUL12_cut>1_rep 4",0.33,1.5705
"st1",2012,7,"2012-07","cut>1","rep 4","Font","ST1_JUL12_cut>1_rep 4",0.587,0.5379
"st9",2012,7,"2012-07","cut>1","rep 3","Font","ST9_JUL12_cut>1_rep 3",0.399,0.4173
"st9",2012,7,"2012-07","cut>1","rep 3","Fila","ST9_JUL12_cut>1_rep 3",0.271,1.6584
"st9",2012,7,"2012-07","cut>1","rep 3","Grass","ST9_JUL12_cut>1_rep 3",0.294,0.9071
"st9",2012,7,"2012-07","cut>1","rep 3","Jung","ST9_JUL12_cut>1_rep 3",0.302,0.3169
"st9",2012,7,"2012-07","cut>1","rep 3","Misc","ST9_JUL12_cut>1_rep 3",0.262,1.044
"st9",2012,7,"2012-07","cut>1","rep 2","Nos","ST9_JUL12_cut>1_rep 2",0.236,1.4321
"st9",2012,7,"2012-07","cut>1","rep 2","Horsetail","ST9_JUL12_cut>1_rep 2",0.417,0.9831
"st9",2012,7,"2012-07","cut>1","rep 2","Font","ST9_JUL12_cut>1_rep 2",0.352,1.2321
"st9",2012,7,"2012-07","cut>1","rep 2","Jung","ST9_JUL12_cut>1_rep 2",1.023,0.7458
"st1",2012,7,"2012-07","cut>1","rep 4","Horsetail","ST1_JUL12_cut>1_rep 4",0.473,1.4801
"st1",2012,7,"2012-07","cut>1","rep 3","","ST1_JUL12_cut>1_rep 3",0.369,1.5542
"st1",2012,7,"2012-07","cut>1","rep 3","","ST1_JUL12_cut>1_rep 3",0.233,1.2533
"st1",2012,7,"2012-07","cut>1","rep 3","Grass","ST1_JUL12_cut>1_rep 3",0.23,0.9449
"st8",2012,7,"2012-07","cut>1","rep 5","Fila","ST8_JUL12_cut>1_rep 5",0.521,0.7557
"st8",2012,7,"2012-07","cut>1","rep 5","Font","ST8_JUL12_cut>1_rep 5",0.443,0.626
"st8",2012,2,"2012-02","cut>1","rep ","Font","ST8_FEB12_cut>1_rep  ",0.526,0.7624
"st8",2012,2,"2012-02","cut>1","rep ","Fila","ST8_FEB12_cut>1_rep  ",0.537,0.5402
"st8",2012,2,"2012-02","cut>1","rep 4","Font","ST8_FEB12_cut>1_rep 4",0.708,1.4961
"st1",2012,7,"2012-07","cut>1","rep 3","Font","ST1_JUL12_cut>1_rep 3",0.538,0.9537
"st9",2012,2,"2012-02","cut>1","rep 1","Font","ST9_FEB12_cut>1_rep 1",0.288,1.5231
"st9",2012,7,"2012-07","cut>1","rep 1","Jung","ST9_JUL12_cut>1_rep 1",0.213,1.5889
"st9",2012,7,"2012-07","cut>1","rep 1","Grass","ST9_JUL12_cut>1_rep 1",0.181,0.6465
"st9",2012,7,"2012-07","cut>1","rep 1","Fila","ST9_JUL12_cut>1_rep 1",0.271,1.3601
"st8",2012,2,"2012-02","cut>1","rep ","Font","ST8_FEB12_cut>1_rep  ",0.765,1.6658
"st8",2012,2,"2012-02","cut>1","rep","Misc","ST8_FEB12_cut>1_rep p",0.569,0.9923
"st1",2012,7,"2012-07","cut>1","rep 2","Font","ST1_JUL12_cut>1_rep 2",0.482,0.9302
"st8",2012,2,"2012-02","cut>1","rep 3","Font","ST8_FEB12_cut>1_rep 3",0.647,1.3327
"st8",2012,2,"2012-02","cut>1","rep 3","Fila","ST8_FEB12_cut>1_rep 3",0.809,1.1682
"st8",2012,2,"2012-02","cut>1","rep 3","Misc","ST8_FEB12_cut>1_rep 3",0.788,1.4049
"st13",2012,2,"2012-02","cut>1","rep 2","Misc","ST13_FEB12_cut>1_rep 2",0.333,1.4051
"st8",2012,2,"2012-02","cut>1","rep 1","Fila","ST8_FEB12_cut>1_rep 1",0.527,0.7158
"st8",2012,2,"2012-02","cut>1","rep 1","Misc","ST8_FEB12_cut>1_rep 1",0.581,1.4102
"st13",2012,2,"2012-02","cut>1","rep 3","Jung","ST13_FEB12_cut>1_rep 3",0.273,1.5832
"st13",2012,2,"2012-02","cut>1","rep 3","Font","ST13_FEB12_cut>1_rep 3",0.472,1.6982
"st13",2012,2,"2012-02","cut>1","rep 3","Misc","ST13_FEB12_cut>1_rep 3",0.362,1.4482
"st13",2012,2,"2012-02","cut>1","rep 4","Grass","ST13_FEB12_cut>1_rep 4",0.175,0.7154
"st13",2012,2,"2012-02","cut>1","rep 4","MyrAlt","ST13_FEB12_cut>1_rep 4",0.542,1.686
"st13",2012,2,"2012-02","cut>1","rep 4","Font","ST13_FEB12_cut>1_rep 4",0.666,0.833
"st13",2012,2,"2012-02","cut>1","rep 4","Horsetail","ST13_FEB12_cut>1_rep 4",0.277,2.0138
"st13",2012,2,"2012-02","cut>1","rep 4","Misc","ST13_FEB12_cut>1_rep 4",0.365,2.0056
"st13",2012,2,"2012-02","cut>1","rep 2","Jung","ST13_FEB12_cut>1_rep 2",0.209,1.7259
"st13",2012,2,"2012-02","cut>1","rep 2","Font","ST13_FEB12_cut>1_rep 2",0.67,1.2278
"st13",2012,2,"2012-02","cut>1","rep 2","","ST13_FEB12_cut>1_rep 2",0.263,1.229
"st5",2012,7,"2012-07","cut>1","rep 2","Font","ST5_JUL12_cut>1_rep 2",0.798,0.4357
"st13",2012,2,"2012-02","cut>1","rep 1","Jung","ST13_FEB12_cut>1_rep 1",0.234,0.8128
"st13",2012,2,"2012-02","cut>1","rep 1","CalPal","ST13_FEB12_cut>1_rep 1",0.303,0.9403
"st13",2012,2,"2012-02","cut>1","rep 1","Misc","ST13_FEB12_cut>1_rep 1",0.416,0.6999
"st13",2012,2,"2012-02","cut>1","rep 4","CalPal","ST13_FEB12_cut>1_rep 4",0.417,0.8496
"st13",2012,2,"2012-02","cut>1","rep 4","Jung","ST13_FEB12_cut>1_rep 4",0.31,1.1687
"st9",2012,7,"2012-07","cut>1","rep 4","Misc","ST9_JUL12_cut>1_rep 4",0.4,0.6986
"st9",2012,7,"2012-07","cut>1","rep 4","Font","ST9_JUL12_cut>1_rep 4",0.381,0.9983
"st9",2012,7,"2012-07","cut>1","rep 4","Jung","ST9_JUL12_cut>1_rep 4",0.385,0.6383
"st1",2012,7,"2012-07","cut>1","rep 1","Font","ST1_JUL12_cut>1_rep 1",0.605,1.0295
"st1",2012,7,"2012-07","cut>1","rep 1","Misc","ST1_JUL12_cut>1_rep 1",0.751,0.5178
"st5",2012,2,"2012-02","cut>1","rep ","Font","ST5_FEB12_cut>1_rep  ",0.512,1.8972
"st5",2012,2,"2012-02","cut>1","rep ","Fila","ST5_FEB12_cut>1_rep  ",0.693,1.3192
"st5",2012,2,"2012-02","cut>1","rep ","Horsetail","ST5_FEB12_cut>1_rep  ",1.359,1.1419
"st6",2012,7,"2012-07","cut>1","rep 1","Font","ST6_JUL12_cut>1_rep 1",0.685,1.0832
"st6",2012,7,"2012-07","cut>1","rep 1","Nos","ST6_JUL12_cut>1_rep 1",0.379,2.1159
"st6",2012,7,"2012-07","cut>1","rep 1","Fila","ST6_JUL12_cut>1_rep 1",0.618,1.04
"st6",2012,7,"2012-07","cut>1","rep 1","Wood","ST6_JUL12_cut>1_rep 1",0.189,2.4964
"st6",2012,7,"2012-07","cut>1","rep 1","Misc","ST6_JUL12_cut>1_rep 1",0.564,1.7883
"st8",2012,7,"2012-07","cut>1","rep 1","Font","ST8_JUL12_cut>1_rep 1",0.674,1.009
"st8",2012,7,"2012-07","cut>1","rep 1","Fila","ST8_JUL12_cut>1_rep 1",0.474,1.5932
"st8",2012,7,"2012-07","cut>1","rep 1","Misc","ST8_JUL12_cut>1_rep 1",0.588,0.8255
"st17",2012,7,"2012-07","cut>1","rep 3","Font","ST17_JUL12_cut>1_rep 3",0.455,1.4495
"st17",2012,7,"2012-07","cut>1","rep 3","Fila","ST17_JUL12_cut>1_rep 3",0.565,0.6933
"st17",2012,7,"2012-07","cut>1","rep 3","Jung","ST17_JUL12_cut>1_rep 3",0.273,0.5565
"st17",2012,7,"2012-07","cut>1","rep 3","Misc","ST17_JUL12_cut>1_rep 3",0.49,1.2689
"st17",2012,7,"2012-07","cut>1","rep 2","Font","ST17_JUL12_cut>1_rep 2",0.322,0.736
"st17",2012,7,"2012-07","cut>1","rep 2","Jung","ST17_JUL12_cut>1_rep 2",0.21,0.7745
"st17",2012,7,"2012-07","cut>1","rep 2","Fila","ST17_JUL12_cut>1_rep 2",0.485,0.8087
"st17",2012,7,"2012-07","cut>1","rep 2","Grass","ST17_JUL12_cut>1_rep 2",0.304,1.8352
"st6",2012,7,"2012-07","cut>1","rep 2","Fila","ST6_JUL12_cut>1_rep 2",0.63,0.9324
"st6",2012,7,"2012-07","cut>1","rep 2","Font","ST6_JUL12_cut>1_rep 2",0.723,0.666
"st6",2012,7,"2012-07","cut>1","rep 2","Nos","ST6_JUL12_cut>1_rep 2",0.396,2.2363
"st6",2012,7,"2012-07","cut>1","rep 5","Nos","ST6_JUL12_cut>1_rep 5",0.346,1.6363
"st6",2012,7,"2012-07","cut>1","rep 5","Horsetail","ST6_JUL12_cut>1_rep 5",0.752,0.8555
"st17",2012,2,"2012-02","elut<1","rep 1","Misc","ST17_FEB12_elut<1_rep 1",0.265,3.5764
"st17",2012,2,"2012-02","elut<1","rep 2","Misc","ST17_FEB12_elut<1_rep 2",0.263,1.9828
"st6",2012,7,"2012-07","cut>1","rep 3","Fila","ST6_JUL12_cut>1_rep 3",0.487,2.1579
"st13",2012,2,"2012-02","scrub>1","rep 2","Misc","ST13_FEB12_scrub>1_rep 2",0.62,1.2047
"st6",2012,7,"2012-07","cut>1","rep 3","Nos","ST6_JUL12_cut>1_rep 3",0.32,2.3654
